id,news,url,label,category
1,ယူကရိန်းစစ်ပွဲတွင် ရုရှားဘက်မှ ကူညီတိုက်ခိုက်ပေးနေသည့် မြောက်ကိုရီးယားစစ်သားများကို မြောက်ကိုရီးယားခေါင်းဆောင် ကင်ဂျုံအွန်က ချီုးမွမ်း,https://news-eleven.com/article/305474,Real,World
2,ထိုင်းတော်ဝင်ရေတပ်က နယ်စပ်ဒေသတွင် ကမ္ဘောဒီးယားစစ်သားများ မြှုပ်ထားသည့် မြေမြှုပ်မိုင်းများကို...,https://news-eleven.com/article/305451,Real,World
3,အမေရိကန်-တောင်ကိုရီးယား ပူးတွဲစစ်ရေးလေ့ကျင့်မှုက စစ်ပွဲဖြစ်လာစေနိုင်သဖြင့် နိုင်ငံ၏...,https://news-eleven.com/article/305421,Real,World
4,အိန္ဒိယကမ်းလွန်တွင် ဓာတုပစ္စည်းတင်ဆောင်လာသည့် သင်္ဘောအား...,https://news-eleven.com/article/286084,Real,World
5,တောင်တရုတ်ပင်လယ်တွင် ဖိလစ်ပိုင်၏ လုပ်ရပ်များသည်...,https://news-eleven.com/article/286081,Real,World
6,တရုတ်နှင့် စစ်ပွဲအဖြစ်ခံမည်မဟုတ်ဟု ထိုင်ဝမ်အာဏာရ DPP ပါတီ...,https://news-eleven.com/article/286082,Real,World
7,ကိုင်ရိုဆွေးနွေးပွဲ ကျင်းပနေချိန် အစ္စရေးက ဂါဇာတွင်...,https://news-eleven.com/article/286072,Real,World
8,တိုက်ခိုက်မှုများရှိနေခြင်းကြောင့်...,https://news-eleven.com/article/286071,Real,World
9,အိန္ဒိယကမ်းလွန်တွင် ဂျပန်ပိုင် ဓာတုပစ္စည်းများတင်ဆောင်လာသည့်...,https://news-eleven.com/article/286035,Real,World
10,ထိုင်ဝမ်ရေလက်ကြား၏ အလယ်စည်းကို တရုတ်တိုက်လေယာဉ်များ...,https://news-eleven.com/article/286034,Real,World
11,ကက်ရှ်မီးယားဒေသတွင် စစ်တပ်၏ ဖမ်းဆီးချုပ်နှောင်မှုခံထားရသူ...,https://news-eleven.com/article/286033,Real,World
12,တရုတ်နိုင်ငံ အနောက်မြောက်ပိုင်းတွင် အင်အားပြင်းငလျင်ကြောင့်...,https://news-eleven.com/article/286032,Real,World
13,ရေများ လျော့နည်းလာသော ကုန်းတွင်းပင်လယ်ကြီး ကက်စပီယန်,https://news-eleven.com/article/286028,Real,World
14,ဂါဇာကမ်းမြောင်ဒေသ၏ ကျန်းမာရေး အကျပ်အတည်း,https://news-eleven.com/article/286029,Real,World
15,Tik Tok တွင် တိုက်ရိုက်ထုတ်လွှင့်ရောင်းချသည့် အလုပ်အကိုင်ကို...,https://news-eleven.com/article/286027,Real,World
16,ဝေဖန်ကဲ့ရဲ့မှုများကို ဥပေက္ခာပြု၍ ဝမ်းစာရှာဖွေနေကြသော...,https://news-eleven.com/article/286026,Real,World
17,ထိုင်ဝမ်သမ္မတရွေးကောက်ပွဲ နီးကပ်လာစဉ် တရုတ်၏...,https://news-eleven.com/article/285992,Real,World
18,တိုက်ခိုက်ရေးစွမ်းရည် မြှင့်တင်ရေးအတွက် ဒေါ်လာ ၅၆ ဘီလျံ...,https://news-eleven.com/article/285991,Real,World
19,တုပ်ကွေးနှင့် COVID-19 ကူးစက်မှုများသည် အားလပ်ရက်ကာလအတွင်း...,https://news-eleven.com/article/285990,Real,World
20,ပင်လယ်နီအတွင်း ဟူရ်သီသူပုန်များ၏တိုက်ခိုက်မှုများတွင်...,https://news-eleven.com/article/285978,Real,World
21,ရုရှား၏ Su-34 ဗုံးကြဲတိုက်လေယာဉ်သုံးစင်းကို ပစ်ချခဲ့ကြောင်း...,https://news-eleven.com/article/285974,Real,World
22,ဘယ်လာရုစ်နိုင်ငံသို့ တရားဝင်ခရီးစဉ် ရောက်ရှိနေသည့် နစက ဥက္ကဋ္ဌ...,https://news-eleven.com/article/303952,Real,World
23,ဂျပန်တွင် တွစ်တာလူသတ်သမားဟု လူသိများသည့် တရားခံကို စီရင်ကွပ်မျက်,https://news-eleven.com/article/303949,Real,World
24,ကမ္ဘောဒီးယားဝန်ကြီးချုပ်ဟောင်း ဟွန်ဆန်က ထိုင်းဝန်ကြီးချုပ်ဟောင်း...,https://news-eleven.com/article/303948,Real,World
25,ယူကရိန်းကို ကျူးကျော်မှုအတွက် ရုရှားသမ္မတဗလာဒီမာပူတင်ကို...,https://news-eleven.com/article/303910,Real,World
26,အမေရိကန်၏ ဗုံးကြဲတိုက်ခိုက်မှုများတွင် အီရန်နျူကလီးယားစီမံကိန်း...,https://news-eleven.com/article/303870,Real,World
27,အစ္စရေးကို ဒုံးကျည်များဖြင့် ပစ်ခတ်ခဲ့ပြီးနောက်...,https://news-eleven.com/article/303837,Real,World
28,အီရန်-အစ္စရေး အပစ်ခတ်ရပ်မည်ဟု ထရန့်ကြေညာပြီး နာရီပိုင်းအကြာ...,https://news-eleven.com/article/303830,Real,World
29,အစ္စရေးက တိုက်ခိုက်မှုရပ်ပါက အီရန်ကလည်း ဆက်တိုက်ခိုက်မည်မဟုတ်ဟု...,https://news-eleven.com/article/303825,Real,World
30,■အီရန်က ကာတာရှိ အမေရိကန်စစ်စခန်းတစ်ခုကို ဒုံးကျည်များဖြင့်...,https://news-eleven.com/article/303824,Real,World
31,အစ္စရေးနှင့် အီရန် အကြား...,https://news-eleven.com/article/303823,Real,World
32,အီရန်တော်လှန်ရေးအစောင့်တပ်က အရှေ့အလယ်ပိုင်းရှိ...,https://news-eleven.com/article/303820,Real,World
33,ထိုင်းဝန်ကြီးချုပ်ပေတုန်တန်က အစိုးရအဖွဲ့ကို ပြင်ဆင်ဖွဲ့စည်း,https://news-eleven.com/article/303819,Real,World
34,ခါမေနီကို ရာထူးမှ နုတ်ထွက်ရန် အတိုက်အခံခေါင်းဆောင်များ တိုက်တွန်း,https://news-eleven.com/article/303818,Real,World
35,အိန္ဒိယကို ရေနံပေးပို့ရန် ဟော်မုဇ်ရေလက်ကြားတစ်ခုတည်းမှမဟုတ်ဘဲ...,https://news-eleven.com/article/303807,Real,World
36,ငြိမ်းချမ်းရေးညှိနှိုင်းရန် အီရန်ကို လမ်းကြောင်းမျိုးစုံမှ...,https://news-eleven.com/article/303793,Real,World
37,အီရန်ကိုတိုက်ပြီးနောက် အမေရိကန်မြို့ကြီးများ၊ ပြည်နယ်များတွင်...,https://news-eleven.com/article/303791,Real,World
38,VOA သတင်းဌာန၏ သတင်းထောက်ဦး​ရေ ၆၀၀ ကျော် အလုပ်ထုတ်ခံရ,https://news-eleven.com/article/303790,Real,World
39,အီရန်ကို တိုက်ခိုက်ခဲ့သည့်အတွက် အမေရိကန်သမ္မတထရန့်ကို...,https://news-eleven.com/article/303786,Real,World
40,ယူကရိန်းစစ်ပွဲပြီးဆုံးစေရေးအတွက် ရုရှားသမ္မတ ဗလာဒီမာပူတင်နှင့်...,https://news-eleven.com/article/305420,Real,World
41,■ ယခင်အိမ်ဖြူတော်တွေ့ဆုံမှုတွင် ယူကရိန်းသမ္မတကိုဝေဖန်ခဲ့သည့်...,https://news-eleven.com/article/305419,Real,World
42,■ အီဂျစ်နှင့် ကာတာတို့အဆိုပြုသည့် ဂါဇာအပစ်အခတ်ရပ်စဲရေး...,https://news-eleven.com/article/305406,Real,World
43,■ နော်ဝေအိမ်ရှေ့မိဖုရား၏အကြီးဆုံးသား အဓမ္မပြုကျင့်မှုများအပါအဝင်...,https://news-eleven.com/article/305404,Real,World
44,အစ္စရေးသည် ဂါဇာ၌အစာရေစာငတ်ပြတ်စေသည့် မူဝါဒကို ကျင့်သုံးနေသည်ဟု...,https://news-eleven.com/article/305399,Real,World
45,■ ဒေါ်နယ်ထရန့်က အိမ်ဖြူတော်တွင် ဥရောပခေါင်းဆောင်များကို...,https://news-eleven.com/article/305397,Real,World
46,နယ်စပ်ပဋိပက္ခဖြစ်ပွားခဲ့ပြီးနောက် နေရပ်ပြန်သွားခဲ့သည့်...,https://news-eleven.com/article/305383,Real,World
47,ပါကစ္စတန်တွင် မုတ်သုံမိုးကြောင့် သေဆုံးသူ ၃၄၄ ဦးထက်မနည်းရှိလာ,https://news-eleven.com/article/305359,Real,World
48,၎င်းအာဏာရနေသည့် ကာလအတွင်း တရုတ် (တိုင်ပေ) ကို...,https://news-eleven.com/article/305354,Real,World
49,■ UWSA ထိန်းချုပ်ထားသည့် ဟိုပန်မြို့တွင် အသက်မပြည့်သေးသည့်...,https://news-eleven.com/article/305346,Real,World
50,တောင်ထူထပ်သည့် ကက်ရှ်မီးယားဒေသ၏ ကျေးရွာတစ်ရွာတွင်...,https://news-eleven.com/article/305320,Real,World
51,မြောက်ကိုရီးယားနှင့် စစ်ဘက်ဆိုင်ရာ...,https://news-eleven.com/article/305319,Real,World
52,■ Air Asia လေကြောင်းလိုင်း တောင်ကိုရီးယားတွင် လေဆိပ်...,https://news-eleven.com/article/305311,Real,World
53,ပူတင်၊ ဇယ်လန်းစကီးတို့နှင့် သုံးပွင့်ဆိုင်အစည်းအဝေးပြုလုပ်မည်ဟု...,https://news-eleven.com/article/305288,Real,World
54,■ တောင်ကိုရီးယားသမ္မတကတော်ဟောင်း ကင်ကွန်ဟီ ဖမ်းဆီးခံရ  ■...,https://news-eleven.com/article/305286,Real,World
55,အမေရိကန်သမ္မတ ဒေါ်နယ်ထရန့်က မြို့တော်ဝါရှင်တန်သို့...,https://news-eleven.com/article/305245,Real,World
56,■ ယူကရိန်းစစ်ပွဲ ပြီးဆုံးစေရေးအတွက် သြဂုတ် ၁၅ ရက်တွင် အလာစကာ၌...,https://news-eleven.com/article/305244,Real,World
57,■ လွန်ခဲ့သည့် ၂၈ နှစ်က ပျောက်ဆုံးသွားသူ၏ ရုပ်အလောင်းကို...,https://news-eleven.com/article/305232,Real,World
58,တိုင်ဖွန်းသတိပေးချက် ထုတ်ပြန်မှု နှောင့်နှေးခဲ့သည့်အတွက် မကာအို...,https://news-eleven.com/international/7838,Real,World
59,တရုတ် မြေပြိုမှုကြီးအတွင်း ပျောက်ဆုံးသူ ၃၂ ဦးအထိ မြင့်တက်လာ,https://news-eleven.com/international/7900,Real,World
60,မြောက်ကိုရီးယားက ဂျပန်ကိုကျော်၍ ထိပ်ဖူးတပ်ဒုံး ပစ်လွှတ်ခဲ့,https://news-eleven.com/international/7899,Real,World
61,အသေခံဗုံးခွဲမှုပြုလုပ်မည့် ပထမဆုံး အင်ဒိုနီးရှားအမျိုးသမီး...,https://news-eleven.com/international/7665,Real,World
62,ဗီယက်နမ်တွင် ပုဂ္ဂလိကဘဏ်၌ ဒေါ်လာသန်းချီသော လိမ်လည်မှုအတွက်...,https://news-eleven.com/international/7661,Real,World
63,ဟာဗေးမုန်တိုင်းကြောင့် ဟူစတန်မြို့တွင် ဆိုးရွားသည့်...,https://news-eleven.com/international/7658,Real,World
64,ပုပ်ရဟန်းမင်းကြီး မြန်မာနှင့် ဘင်္ဂလားဒေ့ရှ်သို့ လာမည်,https://news-eleven.com/international/7656,Real,World
65,ယင်လက် လွတ်မြောက်သွားမှုအတွက် ထိုင်းစစ်အစိုးရအား မဟာမိတ်များက...,https://news-eleven.com/international/7649,Real,World
66,အငြင်းပွားနယ်စပ်မှ အိန္ဒိယတပ်များ ဆုတ်သွားသဖြင့် ကျေနပ်ကြောင်း...,https://news-eleven.com/international/7640,Real,World
67,ကုလသမဂ္ဂအတွင်းရေးမှူးချုပ် ပထမဆုံးအကြိမ်အဖြစ်...,https://news-eleven.com/international/7637,Real,World
68,လစ်ဗျားပဋိပက္ခကြောင့် လူမှောင်ခိုကူးမှု တိုက်ဖျက်ရေး...,https://news-eleven.com/international/7634,Real,World
69,ထရန့်ကို အာခံသည့်အနေဖြင့် ဗင်နီဇွဲလားပြည်သူများ သေနတ်ပစ်...,https://news-eleven.com/international/7474,Real,World
70,ထရန့်ကို အာခံသည့်အနေဖြင့် ဗင်နီဇွဲလားပြည်သူများ သေနတ်ပစ်...,https://news-eleven.com/international/7450,Real,World
71,ဟာတိုတိုင်ဖွန်းဒဏ်မှ ပြန်နာလန်ထရန်ကြိုးပမ်းနေသည့်...,https://news-eleven.com/international/7415,Real,World
72,ရထားမတော်တဆမှုတွင် လက်ပြတ်ခဲ့သည့် ပြင်သစ်အမျိုးသမီး၏လက်များကို...,https://news-eleven.com/international/7393,Real,World
73,ဟာဗေးဟာရီကိန်း တက္ကဆက် ကမ်းရိုးတန်းသို့ ဝင်တိုက်ခတ်,https://news-eleven.com/international/7219,Real,World
74,အိန္ဒိယတွင် မုဒိမ်းမှုဖြင့် ဘာသာရေးဂုရု တစ်ဦးကို...,https://news-eleven.com/international/7215,Real,World
75,ထရန့်ကို သတိပေးရန်အတွက် ဗင်နီဇွဲလားက စစ်ရေးလေ့ကျင့်မှုများ စတင်,https://news-eleven.com/international/7206,Real,World
76,အိန္ဒိယနှင့် ပါကစ္စတန်ကြား တိုက်ခိုက်မှုများ ဆက်လက်ဖြစ်ပွား,https://news-eleven.com/article/302585,Real,World
77,တိုက်ခိုက်မှုများကို ချက်ချင်းရပ်တန့်ရန် အိန္ဒိယနှင့်...,https://news-eleven.com/article/302576,Real,World
78,အိန္ဒိယစစ်တပ်က ပါကစ္စတန်ရှိ Lashkar-e-Taiba အဖွဲ့နှင့် Jaish-e-...,https://news-eleven.com/article/302547,Real,World
79,■ အိန္ဒိယနှင့် ပါကစ္စတန်နယ်စပ်တွင် လက်နက်ကြီးများဖြင့်...,https://news-eleven.com/article/302542,Real,World
80,အိန္ဒိယက ဆင်​ဒေါစစ်ဆင်​ရေးအမည်ဖြင့် ပါကစ္စတန်ရှိ ​နေရာကိုးခုကို...,https://news-eleven.com/article/302540,Real,World
81,အမေရိကန်ဒုတိယသမ္မတဟောင်း မိုက်ပန့်စ်က ထရန့်အစိုးရအဖွဲ့...,https://news-eleven.com/article/302534,Real,World
82,ပင်တဂွန်ဗိုလ်ချုပ်များနှင့် ထိပ်တန်းတာဝန်ရှိသူ ရာခိုင်နှုန်း ၂၀...,https://news-eleven.com/article/302533,Real,World
83,အိန္ဒိယ-ပါကစ္စတန်တင်းမာမှုကို ကြားဝင်ဖြေရှင်းရန်...,https://news-eleven.com/article/302509,Real,World
84,တဲလ်အဗစ်လေဆိပ် တိုက်ခိုက်ခံရသည့်အတွက် လက်တုံ့ပြန်မည်ဟု အစ္စရေးက...,https://news-eleven.com/article/302508,Real,World
85,နိုင်ငံခြားရုပ်ရှင်ဇာတ်ကားများကို အခွန် ၁၀၀...,https://news-eleven.com/article/302507,Real,World
86,ဆယ်စုနှစ်တစ်စုကြာ ရပ်နားထားသည့် ၁၁၇ ထပ်အမြင့်ရှိ...,https://news-eleven.com/article/302506,Real,World
87,အိန္ဒိယနှင့် တင်းမာမှုမြင့်တက်နေစဉ်အတွင်း ပါကစ္စတန်က...,https://news-eleven.com/article/302480,Real,World
88,ရက်တိုတို အပစ်အခတ်ရပ်စဲမှုဖြင့် ပူတင်လိုချင်သောပွဲမျိုးကို...,https://news-eleven.com/article/302472,Real,World
89,ချီလီနှင့် အာဂျင်တီးနားတို့တွင်...,https://news-eleven.com/article/302460,Real,World
90,ဖိလစ်ပိုင်တိုးဂိတ်တွင် ဘတ်စ်ကားတစ်စီးက မော်တော်ယာဉ်များကို...,https://news-eleven.com/article/302459,Real,World
91,ဆစ်ဂနယ်မက်ဆေ့အရှုပ်တော်ပုံ (Signalate) ပေါ်ပေါက်ခဲ့ပြီးနောက်...,https://news-eleven.com/article/302447,Real,World
92,တောင်ကိုရီးယားဝန်ကြီးချုပ်ဟောင်းက သမ္မတရွေးကောက်ပွဲ...,https://news-eleven.com/article/302446,Real,World
93,ကတ်ရှ်မီးယား​ဒေသတွင် ဖြစ်ပွားခဲ့သည့်...,https://news-eleven.com/article/302412,Real,World
94,မိမိတို့ထံမှ လာရောက်သည့် ခရီးသွားများအပေါ် ချမှတ်ထားသော...,https://news-eleven.com/article/242577,Real,World
95,ရှန်ဟိုင်းလူဦးရေ ၂၅ သန်းထဲက ၇၀ ရာခိုင်နှုန်းသည်...,https://news-eleven.com/article/242576,Real,World
96,ရှန်ဟိုင်းလူဦးရေ ၂၅ သန်းထဲက ၇၀ ရာခိုင်နှုန်းသည်...,https://news-eleven.com/article/242575,Real,World
97,တရုတ်လေယာဉ်တင်သင်္ဘော ခုတ်မောင်းသွားလာမှုများကို စောင့်ကြည့်ရန်...,https://news-eleven.com/article/242572,Real,World
98,နျူကလီးယားဆိုင်ရာ ပူးတွဲစစ်ရေးလေ့ကျင့်မှုများ ပြုလုပ်ရန်...,https://news-eleven.com/article/242571,Real,World
99,အမေရိကန်ပံ့ပိုးသော ဟိုင်းမားဒုံးကျည်များဖြင့် ယူကရိန်းက...,https://news-eleven.com/article/242570,Real,World
100,၂၀၂၂ ခုနှစ်တွင် စပိန်သည် စံချိန်တင်အပူဆုံးနှစ်ကို ကြုံတွေ့ရသည်ဟု...,https://news-eleven.com/article/242569,Real,World
101,ကိုရိုနာဗိုင်းရပ်စ်မျိုးကွဲသစ်များကို ခြေရာခံရန် တရုတ်မှလာသော...,https://news-eleven.com/article/242554,Real,World
102,ကိုဗစ်ကူးစက်မှုများ မြင့်တက်နေခိုက် တရုတ်နိုင်ငံမှလာရောက်မည့်...,https://news-eleven.com/article/242553,Real,World
103,မြောက်ကိုရီးယားစစ်တပ်၏ ဒုတိယရာထူးအကြီးဆုံး ပုဂ္ဂိုလ်ကို...,https://news-eleven.com/article/242551,Real,World
104,ရုရှားက နှစ်သစ်တွင် ယူကရိန်းကို...,https://news-eleven.com/article/242539,Real,World
105,မက္ကဆီကို-အမေရိကန်နယ်စပ်ရှိ ကျူဒက်ဂျူအာရက်အကျဉ်းထောင်ကို...,https://news-eleven.com/article/242538,Real,World
106,၂၀၂၂ ခုနှစ် တစ်နှစ်တာအတွင်း အထင်ကရ နိုင်ငံတကာ ဖြစ်စဉ် ၁၀ ခု,https://news-eleven.com/article/242533,Real,World
107,ဆီးရီးယား၏ ဒမတ်စကတ် အပြည်ပြည်ဆိုင်ရာလေဆိပ်ကို အစ္စရေးက...,https://news-eleven.com/article/242519,Real,World
108,မော်ရိုကိုက တရုတ်နိုင်ငံမှ ခရီးသွားများ ကို...,https://news-eleven.com/article/242502,Real,World
109,ထိုင်ဝမ်သမ္မတက ကိုရိုနာဗိုင်းရပ်စ် ကူးစက်မှုနှုန်း...,https://news-eleven.com/article/242501,Real,World
110,ရုရှားက နှစ်သစ်ကူးညတွင် ယူကရိန်း၏မြို့တော်ကိယက်ဗ်နှင့်...,https://news-eleven.com/article/242477,Real,World
111,မြောက်ကိုရီးယား၏ နျူကလီးယားလက်နက်အင်အားကို...,https://news-eleven.com/article/242476,Real,World
112,မြောက်ကိုရီးယား၏ ဒုံးကျည်စမ်းသပ်မှုနှင့်ပတ်သက်ပြီး...,https://news-eleven.com/article/223519,Real,World
113,တရုတ်၏ ပိတ်ဆို့မှုကိုခံခဲ့ရသည့် လစ်သူယေးနီးယားကို...,https://news-eleven.com/article/223518,Real,World
114,ဆူပူအုံကြွမှုများကို ထိန်းသိမ်းရန် ကာဇက်စတန်နိုင်ငံ...,https://news-eleven.com/article/223461,Real,World
115,လွှတ်တော်စီးနင်းမှု တစ်နှစ်ပြည့်နှစ်ပတ်လည်တွင် ဘိုင်ဒင်က...,https://news-eleven.com/article/223460,Real,World
116,ကာကွယ်ဆေးမထိုးဘဲ အိမ်အပြင်ထွက်သူများကို ဖမ်းဆီးရန်...,https://news-eleven.com/article/223459,Real,World
117,အိုမီခရွန်မျိုးကွဲဗိုင်းရပ်စ်ကူးစက်မှုများ မြင့်တက်နေပြီး...,https://news-eleven.com/article/223455,Real,World
118,အာဖရိကကို ကြွေးမြီထောင်ချောက်ဆင်နေခြင်းမဟုတ်ကြောင်း...,https://news-eleven.com/article/223454,Real,World
119,ပေကျင်းအိုလံပစ်ကို သံတမန်နည်းလမ်းအရ သပိတ်မှောက်သည့် အမေရိကန်ကို...,https://news-eleven.com/article/223453,Real,World
120,ရုရှားကို ပြင်းထန်သည့်ပိတ်ဆို့မှုများ ချမှတ်မည်ဟု အမေရိကန်နှင့်...,https://news-eleven.com/article/223391,Real,World
121,အာဖရိက သုံးနိုင်ငံခရီးစဉ်အတွင်း တရုတ်နိုင်ငံခြားရေးဝန်ကြီး ဝမ်ယိ...,https://news-eleven.com/article/223390,Real,World
122,ကိုရိုနာဗိုင်းရပ်စ်ကူးစက်မှုများ...,https://news-eleven.com/article/223389,Real,World
123,သြစတြေးလျတွင် ကိုရိုနာဗိုင်းရပ်စ်ကူးစက်မှုများ...,https://news-eleven.com/article/223388,Real,World
124,စက်ချွတ်ယွင်းမှုကြောင့် အရေးပေါ်ဆင်းသက်ခဲ့ရပြီးနောက် F-35...,https://news-eleven.com/article/223385,Real,World
125,ဟိုက်ပါဆောနစ် ဒုံးကျည်ကို စမ်းသပ်ခဲ့ခြင်းဖြစ်ကြောင်း...,https://news-eleven.com/article/223384,Real,World
126,ရုရှားနှင့် အစည်းအဝေးမတိုင်မီ ယူကရိန်းအရေးနှင့်ပတ်သက်ပြီး...,https://news-eleven.com/article/223327,Real,World
127,ဟေတီသမ္မတအား လုပ်ကြံသတ်ဖြတ်ခဲ့မှုတွင် အဓိကသံသယရှိသူကို...,https://news-eleven.com/article/223326,Real,World
128,တရုတ်နိုင်ငံ ရှီအန်းပြည်နယ်တွင် COVID-19 ကူးစက်မှု...,https://news-eleven.com/article/223325,Real,World
129,ထိုင်းနိုင်ငံတွင် အိုမီခရွန်မျိုးကွဲဗိုင်းရပ်စ် ကူးစက်မှုနှုန်း...,https://news-eleven.com/article/223324,Real,World
130,ဖိလစ်ပိုင်သမ္မတ ဒူတာတေးက တစ်နိုင်ငံလုံးကို COVID-19 ကာကွယ်ဆေး...,https://news-eleven.com/article/195585,Real,World
131,ထိုင်းနိုင်ငံတွင် ဆန္ဒပြမှုများကို နှိမ်နင်းသည့်အနေနှင့်...,https://news-eleven.com/article/195583,Real,World
132,ဘန်ကောက်မြို့တော်တွင် ဒီမိုကရေစီလိုလားသည့် လှုပ်ရှားမှုအဖြစ်...,https://news-eleven.com/article/195532,Real,World
133,ဗိုင်းရပ်စ်ကူးစက်မှုများ ဖြစ်ပွားခဲ့ပြီးနောက် တရုတ်နိုင်ငံ...,https://news-eleven.com/article/195530,Real,World
134,အငတ်ဘေးကို ရှောင်လွှဲရန် လာမည့်ခြောက်လအတွင်း ဒေါ်လာ ၆.၈...,https://news-eleven.com/article/195528,Real,World
135,ဖွံ့ဖြိုးဆဲနိုင်ငံများ၌...,https://news-eleven.com/article/195527,Real,World
136,၂၀၀၀ ပြည့်နှစ်မှစတင်၍ ရာသီဥတုပြောင်းလဲမှုကြောင့်...,https://news-eleven.com/article/195425,Real,World
137,ကိုရိုနာဗိုင်းရပ်စ်ကာကွယ်ဆေး စမ်းသပ်အထိုးခံသူတွင်...,https://news-eleven.com/article/195423,Real,World
138,ဂျီ-၂၀ နိုင်ငံများက အကြွေးသက်သာခွင့် ခြောက်လသက်တမ်းတိုးပေးရန်...,https://news-eleven.com/article/195422,Real,World
139,တရုတ်နိုင်ငံ ကျင်းတောင်မြို့တွင် လူသုံးသန်းကျော် ကို...,https://news-eleven.com/article/195418,Real,World
140,အာရှ-ပစိဖိတ်နိုင်ငံများက ကပ်ရောဂါကြောင့် ခရီးသွားလာခွင့်...,https://news-eleven.com/article/195358,Real,World
141,တရုတ်နိုင်ငံရှိ ကျင်းတောင်မြို့တွင် ဗိုင်းရပ်စ်ကူးစက်ခံရခြင်းရှိ...,https://news-eleven.com/article/195357,Real,World
142,အိန္ဒိယတွင် ကိုရိုနာဗိုင်းရပ်စ် ကူးစက်ခံရသူ ခုနစ်သန်းကျော် ရှိလာ,https://news-eleven.com/article/195260,Real,World
143,အာမေးနီးယားနှင့် အဇာဘိုင်ဂျန်တို့ အပစ်အခတ်ရပ်စဲရေး...,https://news-eleven.com/article/195259,Real,World
144,ထိုင်းနိုင်ငံတွင် ဘတ်စ်ကားနှင့် ရထား တိုက်မိပြီး လူ ၁၈ ဦး သေဆုံး,https://news-eleven.com/article/195258,Real,World
145,အမေရိကန်တွင် COVID ကယ်ဆယ်ရေး သေချာရေရာမှုမရှိခြင်းက...,https://news-eleven.com/article/195247,Real,World
146,ခရီးသွားများကို မျှော်လင့်စောင့်စားနေရသည့် တစ္ဆေကျွန်း (...,https://news-eleven.com/article/195246,Real,World
147,ဥရောပတွင် ပထမဆုံးအကြိမ် နေ့အလိုက် ဗိုင်းရပ်စ်ကူးစက်ခံရသူ...,https://news-eleven.com/article/195172,Real,World
148,လူဆိုးဂိုဏ်းဆန်ဆန် ရာဇဝတ်မှုများကို နှိမ်နင်းရန်...,https://news-eleven.com/article/123573,Real,World
149,လူထုစုဝေးပွဲများပြီးနောက် ဆိုမာလီနွယ်ဖွား ဥပဒေပြုအမတ်က ထရန့်အား...,https://news-eleven.com/article/123572,Real,World
150,ခိုလှုံခွင့်တောင်းခံသည့် ဟောင်ကောင်ဆန္ဒပြသူများကို ကူညီမည်ဟု...,https://news-eleven.com/article/123571,Real,World
151,ဂျပန်နှင့် အငြင်းပွားမှုအတွက် တောင်ကိုရီးယားအမျိုးသားတစ်ဦး...,https://news-eleven.com/article/123568,Real,World
152,ဆီးရီးယားရှိ ဆေးရုံများကို တိုက်ခိုက်မှုအား ရပ်တန့်ရန် ကုလသမဂ္ဂက...,https://news-eleven.com/article/123562,Real,World
153,ဟော်မုဇ်ရေလက်ကြားတွင် အီရန်ဒရုန်းကို အမေရိကန်စစ်သင်္ဘောက...,https://news-eleven.com/article/123553,Real,World
154,1 MDB နှင့်ဆက်စပ်သည့် ဒေါ်လာ ၃၆ သန်းကျော်ကို စင်ကာပူက...,https://news-eleven.com/article/123364,Real,World
155,ဂျပန်အန်နီမေးရှင်းစတူဒီယိုတစ်ခု မီးလောင်မှုတွင် လူ၂၄ ဦး သေဆုံး,https://news-eleven.com/article/123363,Real,World
156,ဒီအာကွန်ဂိုတွင် အီဘိုလာရောဂါ ဖြစ်ပွားနေမှုသည် ကမ္ဘာလုံးဆိုင်ရာ...,https://news-eleven.com/article/123361,Real,World
157,စင်ကာပူတွင် သန့်ရှင်းရေးစက်ရုပ်များကို စတင်သုံးစွဲ,https://news-eleven.com/article/123358,Real,World
158,နိုင်ငံဖြတ်ကျော်ရာဇဝတ်ဂိုဏ်းများက အရှေ့တောင်အာရှတွင်...,https://news-eleven.com/article/123357,Real,World
159,ရုရှားဒုံးခွင်းစနစ် ဝယ်ယူခဲ့သည့် တူရကီအား F - 35 အစီအစဉ်တွင်...,https://news-eleven.com/article/123354,Real,World
160,မက္ကဆီကိုမူးယစ်ရာဇာ ယော်ကွင်းဂူဇ်မန် ထောင်ဒဏ်တစ်သက်...,https://news-eleven.com/article/123203,Real,World
161,မွမ်ဘိုင်းတိုက်ခိုက်မှုများကို စီစဉ်ညွှန်ကြားသူဟု...,https://news-eleven.com/article/123146,Real,World
162,အာဏာခွဲဝေရေး သဘောတူစာချုပ်တွင် ဆူဒန်ဆန္ဒပြသူများနှင့်...,https://news-eleven.com/article/123145,Real,World
163,ဗီယက်နမ်စီးပွားရေးတိုးတက်မှုနှုန်း ၂၀၁၉ ခုနှစ်တွင် ၆.၅...,https://news-eleven.com/article/123143,Real,World
164,အမေရိကန်နှင့် ကနေဒါမှ ပလတ်စတစ်အမှိုက်များ တင်သွင်းမှုကို...,https://news-eleven.com/article/123141,Real,World
165,မွမ်ဘိုင်းအဆောက်အအုံ ပြိုကျခဲ့ပြီး တစ်ရက်အကြာတွင်...,https://news-eleven.com/article/123138,Real,World
166,ကာဇက်စတန်အာဏာရပါတီက နာဇာဘေယက်၏ သစ္စာခံ တိုကာယက်ကို...,https://news-eleven.com/article/101998,Real,World
167,အီရန်ရေနံကို ဝယ်ယူသည့်နိုင်ငံများအား ပိတ်ဆို့အရေးယူမည်ဟု ထရန့်က...,https://news-eleven.com/article/101995,Real,World
168,တိုက်ခိုက်မှုများဖြစ်ပွားခဲ့ပြီးနောက် အီရန်နှင့်ပါကစ္စတန်က...,https://news-eleven.com/article/101705,Real,World
169,ယူကရိန်းသမ္မတရွေးကောက်ပွဲ ဒုတိယအကျော့တွင် ဇာတ်မြူးသရုပ်ဆောင်...,https://news-eleven.com/article/101702,Real,World
170,အလုပ်သမားအခွင့်အရေး တက်ကြွလှုပ်ရှားသူများကို လွှတ်ပေးရန်...,https://news-eleven.com/article/101701,Real,World
171,ခရစ်ယာန်ဘုရားကျောင်းများ တိုက်ခိုက်ခံရမှုသည်...,https://news-eleven.com/article/101699,Real,World
172,၄၅ နှစ်ကြာပြီးနောက် ကမ္ဘောဒီးယားနှင့် ထိုင်း နှစ်နိုင်ငံကြား...,https://news-eleven.com/article/101698,Real,World
173,ဆူဒန်ဆန္ဒပြခေါင်းဆောင်များက စစ်ဘက်ကောင်စီနှင့် ဆွေးနွေးမှုကို...,https://news-eleven.com/article/101696,Real,World
174,ဟက်ဖ်တာ၏ တပ်ဖွဲ့များက လစ်ဗျားမြို့တော် ထရီပိုလီကို...,https://news-eleven.com/article/101693,Real,World
175,မဲပေးမည့်သူအရေအတွက် နည်းပါးမည်ကို စိုးရိမ်နေကြသော...,https://news-eleven.com/article/101375,Real,World
176,ရုန်းရင်းဆန်ခတ်မှုများရှိခဲ့သည့် ၂၃ ကြိမ်မြောက် Yellow Vest...,https://news-eleven.com/article/101371,Real,World
177,စီစီ၏ အာဏာသက်တမ်းအား ထပ်မံရှည်လျားစေမည့်...,https://news-eleven.com/article/101369,Real,World
178,ဇာတ်မြူးသရုပ်ဆောင်က အနိုင်ရဖွယ်ရှိနေသည့်...,https://news-eleven.com/article/101366,Real,World
179,ကင်-ပူတင်ထိပ်သီးနှင့်အတူ မြောက်ကိုရီးယားအရေး၌...,https://news-eleven.com/article/101332,Real,World
180,ချောမွေ့စွာပြီးဆုံးခဲ့သည့် အင်ဒိုနီးရှားရွေးကောက်ပွဲက...,https://news-eleven.com/article/101308,Real,World
181,သီရိလင်္ကာတွင် ဘုရားကျောင်းနှင့် ဟိုတယ်များ၌ ပေါက်ကွဲမှုများ...,https://news-eleven.com/article/101303,Real,World
182,တရုတ်နိုင်ငံက အင်္ဂါဂြိုဟ် အခြေစိုက် စခန်းပုံစံတူ အဆောက်အအုံကို...,https://news-eleven.com/article/101271,Real,World
183,ရုရှားအရှေ့ဘက်စွန်းမှ ဆိပ်ကမ်းမြို့ ဗလာဒီဗိုစတော့တွင်...,https://news-eleven.com/article/101095,Real,World
184,လွန်ခဲ့သည့် နှစ် ၃၀ က အာဖဂန်တွင် ပစ်ချခံခဲ့ရသော ရုရှားလေယာဉ်မှူး...,https://news-eleven.com/international/59394,Real,World
185,Facebook က ခေတ်ရေစီးကဏ္ဍ Trending ကို ဖျက်သိမ်းပြီး...,https://news-eleven.com/international/59385,Real,World
186,ဂျပန်တွင် မွေးကင်းစ ကလေးအလောင်းကို ပစ္စည်းသိမ်းဗီရိုထဲ၌...,https://news-eleven.com/international/59366,Real,World
187,အနံ့စူးသော ဒူးရင်းသီးများကို အာကာသသို့ပို့ဆောင်စမ်းသပ်ရန်...,https://news-eleven.com/international/59381,Real,World
188,အိန္ဒိယမြောက်ပိုင်းတွင် မုန်တိုင်းများ ထပ်မံဝင်ရောက်ခဲ့ပြီး လူ...,https://news-eleven.com/international/59365,Real,World
189,ဒေါ်လာသန်းပေါင်းများစွာ အလွဲသုံးစားပြုမှုဖြင့်...,https://news-eleven.com/international/59362,Real,World
190,IMF က သီရိလင်္ကာကို ချေးငွေ ဒေါ်လာ သန်း ၂၅၀ ထုတ်ပေး,https://news-eleven.com/international/59355,Real,World
191,ဗြိတိန်၌ သြဇာလွှမ်းမိုးမှု အရှိဆုံး...,https://news-eleven.com/news/59327,Real,World
192,ကမ္ဘာ့အကြီးဆုံး ရေချိုပုလဲ ယူရို ၃၂၀၀၀၀ ဖြင့် လေလံအောင်,https://news-eleven.com/international/59182,Real,World
193,အမေရိကန် ဆယ်ကျော်သက်များအကြား Facebook သုံးစွဲမှု...,https://news-eleven.com/international/59179,Real,World
194,စပိန်ဝန်ကြီးချုပ် ရာဂျွိုင်း အယုံအကြည်မရှိအဆို ရှုံးနိမ့်ပြီး...,https://news-eleven.com/international/59183,Real,World
195,ရေပိုင်နက်အငြင်းပွားမှု ဖြစ်ပွားနေစဉ် စည်းမျဉ်းအခြေပြု...,https://news-eleven.com/international/59178,Real,World
196,အမေရိကန်၏ စည်းကြပ်ခွန်ချမှတ်မှုများက ဂျီ-၇ ကို ဒေါသထွက်စေခဲ့ပြီး...,https://news-eleven.com/international/59171,Real,World
197,သမ္မတအော်တေဂါက ရာထူးမှ နုတ်ထွက်ရန်ငြင်းဆန်နေစဉ်အတွင်း...,https://news-eleven.com/international/59168,Real,World
198,အီတလီလူများကြိုက် ဝါဒီပါတီများက ညွန့်ပေါင်းအစိုးရသစ်ဖွဲ့စည်းရေး...,https://news-eleven.com/international/59160,Real,World
199,ပဋိပက္ခ၊ ဆင်းရဲမွဲတေမှုနှင့် ခွဲခြားဆက်ခံနေရသော ကလေး ၁ ဒသမ ၂...,https://news-eleven.com/international/59055,Real,World
200,ဂျာနယ်လစ် အသတ်ခံခဲ့ရကြောင်း ဇာတ်လမ်းဆင်ခဲ့သည့်အတွက်...,https://news-eleven.com/international/59052,Real,World
201,■ မြန်မာ-အိန္ဒိယနယ်စပ်သို့ သယ်ဆောင်ရောင်းဝယ်သည့် ကျပ် ၂ ဒသမ ၇ ဘီလျံကျော်တန်ဖိုးရှိ ဘိန်းဖြူနှင့် စိတ်ကြွရူးသွပ်ဆေးပြားများ ကလေးမြို့နယ်၌ ဖမ်းဆီးရမိ,https://news-eleven.com/article/305339,Real,Crime
202,■ မန္တလေးမြို့တွင် ကလေးကျောင်းကြိုပြန်လာသည့် ခင်ပွန်းဖြစ်သူအား ပြန်ပေးဆွဲပြီး ဇနီးဖြစ်သူကို ငွေဖြင့် လာရွေးခိုင်းသူများအား ဖမ်းဆီးရမိ,https://news-eleven.com/article/305334,Real,Crime
203,■  တောင်ဥက္ကလာပမြို့နယ်ရှိ ဖုန်းဆိုင်တစ်ဆိုင် ဖုန်းနှင့်ငွေများ ဖောက်ထွင်းခိုးယူခံရပြီး ဆိုင်ရှေ့ရှိ Crown အမျိုးအစား ကားတစ်စီးပါ ခိုးယူသွား,https://news-eleven.com/article/305335,Real,Crime
204,ရန်ကုန်တိုင်းဒေသကြီးတွင် ဖုန်းဖြင့်ဆက်သွယ်ကာ အယောင်ဆောင်ပြောဆို၍ ငွေကြေးများ အကြိမ်ကြိမ်လိမ်လည်ရယူခဲ့သူ ငါးဦးအား သက်သေခံပစ္စည်းများနှင့်အတူ ဖမ်းဆီးရမိ,https://news-eleven.com/article/297805,Real,Crime
205,ဘုရားသုံးဆူမြို့တွင် မိသားစုဝင် သုံးဦး သတ်ဖြတ်ခံရ,https://news-eleven.com/article/297602,Real,Crime
206,ရှမ်းပြည်နယ်(အရှေ့ပိုင်း) တာချီလိတ်မြို့နယ်ရှိ ဖုန်းဆိုင်တစ်ဆိုင်အား သေနတ်ဖြင့် ပစ်ခတ်၍ လုယက်မှုဖြစ်စဉ်မှ ကျူးလွန်သူလေးဦးအား သက်သေခံပစ္စည်းများ၊ လက်နက်ခဲယမ်းများနှင့်အတူ အသေပစ်ခတ်ဖမ်းဆီးရမိ,https://news-eleven.com/article/297438,Real,Crime
207,မလေးရှားတွင် ဓားဒဏ်ရာ ၁၂ ချက်ဖြင့် ထိုးသတ်ခံရသည့် မြန်မာအမျိုးသမီးအမှုတွင် မြန်မာနိုင်ငံသား ငါးဦးကို ဖမ်းဆီးထား,https://news-eleven.com/article/297201,Real,Crime
208,ပျဉ်းမနားမြို့ရှိ စိုက်ပျိုးရေးနှင့် မွေးမြူရေးသိပ္ပံ သင်တန်းကျောင်း ကျောင်းအုပ်ဆရာမကြီးနှင့် အတူနေ ဆရာမတစ်ဦးအား သတ်ဖြတ်ကာ လုယက်မှုကျူးလွန်သူ ယင်းကျောင်း၏ ဒုတိယနှစ်ကျောင်းသားအား သက်သေခံပစ္စည်းများနှင့်အတူ ဖမ်းမိ,https://news-eleven.com/article/297070,Real,Crime
209,"မိန်းကလေးငယ်များအား Facebook, TikTok များမှတစ်ဆင့် တရုတ်မယား ပြုလုပ်ရန် စည်းရုံးပြီး လူကုန်ကူးမှု ဂိုဏ်းဖွဲ့ကျူးလွန်သည့် တရုတ်နိုင်ငံသားနှင့် မြန်မာနိုင်ငံသားများအား မန္တလေးမြို့တွင် ဖမ်းဆီးရမိ",https://news-eleven.com/article/297061,Real,Crime
210,မန္တလေးမြို့တွင် ဖခင်ထံ သားဖြစ်သူမှ ပိုက်ဆံတောင်းရာမှတဆင့် ရန်ဖြစ်ထိုးကြိတ်မှု ဖြစ်ပွားပြီး အိမ်မီးရှို့မှု ဖြစ်ပွား,https://news-eleven.com/article/296876,Real,Crime
211,မန္တလေးမြို့တွင် လက်ဖက်ရည်ဆိုင်၀န်ထမ်းတစ်ဦးက ဓားဖြင့်ခုတ်သဖြင့် ဆိုင်ပိုင်ရှင်အမျိုးသမီးနှင့် ဆိုင်၀န်ထမ်း တစ်ဦးသေဆုံးပြီး နှစ်ဦးဒဏ်ရာရရှိ,https://news-eleven.com/article/296867,Real,Crime
212,ရှမ်းပြည်နယ်တောင်ပိုင်းမှ ဝယ်ယူပြီး ရခိုင်ပြည်နယ်သို့ ရောင်းချမည့် ကျပ် ၃ ဒသမ ၉၈ ဘီလျံတန်ဖိုးရှိ စိတ်ကြွရူးသွပ်ဆေးပြား ၃၉ ဒသမ ၈ သိန်း ရန်ကုန်မြို့တွင် ဖမ်းဆီးရမိ,https://news-eleven.com/article/296812,Real,Crime
213,ဗိုလ်ချုပ်မှူးကြီးသန်းရွှေ(ငြိမ်း)၏ သားမက်ဖြစ်သူ ဒေါက်တာနေစိုးမောင်အား ပြည်ကြီးတံခွန်မြို့မရဲစခန်းတွင် အမှုဖွင့်ဖမ်းဆီး,https://news-eleven.com/article/296809,Real,Crime
214,ပုလောမြို့နယ် ကျောက္ကာကျေးရွာ လှေနစ်မြုပ်မှုတွင် ပျောက်ဆုံးသူ ၇၀ ကျော်ရှိကာ အလောင်း ခုနစ်လောင်း ဆယ်ယူရရှိထားပြီး ၁၁ ဦး ဆေးကုသပေးထားရ,https://news-eleven.com/article/296659,Real,Crime
215,တနင်္သာရီတိုင်း ပုလောမြို့တွင် စက်လှေမှောက်သဖြင့် ကျောင်းသား၊ ကျောင်းသူများအပါအဝင် လူအများအပြား ပျောက်ဆုံးနေပြီး ရုပ်အလောင်းအချို့ တွေ့ရှိထား,https://news-eleven.com/article/296657,Real,Crime
216,ရန်ကုန် - ပုသိမ်လမ်းမကြီးတွင် ခရီးသည်ယာဉ်တစ်စီး တိမ်းမှောက်မှုဖြစ်ပွားပြီး ခရီးသည်အချို့ ဒဏ်ရာရရှိ,https://news-eleven.com/article/296654,Real,Crime
217,မန္တလေး မြို့ပေါ်ရပ်ကွက်များအတွင်း လုယက်မှု  ၁၆ ကြိမ် ကျူးလွန်ခဲ့သည့် အမျိုးသား သုံးဦးအား သက်သေခံရွှေထည်ပစ္စည်းများနှင့်အတူ ဖမ်းဆီးရမိ,https://news-eleven.com/article/296633,Real,Crime
218,မီးလောင်ချိန် ၁၆ နာရီကျော် ကြာမြင်ခဲ့သည့် ထားဝယ်မြို့ ဆီတင်သင်္ဘောမီးလောင်မှု ရှစ်ဦး သေဆုံးကာ သုံးဦးဒဏ်ရာရရှိပြီး တစ်ဦး ပျောက်ဆုံးနေ,https://news-eleven.com/article/296504,Real,Crime
219,ဥတ္တရသီရိမြို့နယ်တွင် မိသားစုလိုက် သတ်ဖြတ်ကာ လုယက်မှုကျူးလွန်ခဲ့သူ လေးဦးအား သေဒဏ်နှင့် ထောင်ဒဏ် အသီးသီးကျခံစေရန် တရားရုံးက အမိန့်ချမှတ်,https://news-eleven.com/article/296343,Real,Crime
220,သံဖြူဇရပ်မြို့နယ် ရေး - သံဖြူဇရပ် ကားလမ်းတွင် ခရီးသည်တင်မှန်လုံယာဉ်တစ်စီး သေနတ်ဖြင့် ပစ်ခတ်ခံရပြီး ခရီးသည်တစ်ဦး ကျည်ထိမှန်ဒဏ်ရာရရှိ,https://news-eleven.com/article/296303,Real,Crime
221,မှော်ဘီတွင် အထည်ချုပ်စက်ရုံ ဖယ်ရီယာဉ် တိမ်းမှောက်ရာ တစ်ဦးသေဆုံးပြီး ၃၀ ကျော်ဒဏ်ရာရရှိ,https://news-eleven.com/article/296300,Real,Crime
222,တက္ကသိုလ်ဝင်တန်း ကျောင်းသူနှစ်ဦး ပျောက်ဆုံးမှု ရဲစခန်းတွင် လူပျောက်တိုင်တန်းကာ စုံစမ်းနေသော်လည်း ယနေ့အထိ ပြန်မတွေ့သေး,https://news-eleven.com/article/264515,Real,Crime
223,ရဲတပ်ဖွဲ့ဝင်နှစ်ဦးကို ဓားဖြင့်ခုတ်သတ်ခဲ့သည့် တင်မြင့်အား ဒုတိယအကြိမ် ချုပ်ရက်ရမန်ထပ်ယူ,https://news-eleven.com/article/264429,Real,Crime
224,ရန်ကုန်မြို့တွင် စိတ်ကြွမူးယစ် ဆေးပြားများ စံချိန်တင် စစ်ဆေးတွေ့ရှိခဲ့သည့် ဖြစ်စဉ်များနှင့် ဆက်နွှယ်သူ ၁၂ ဦးအနက် တစ်ဦးအား မြဝတီနယ်စပ်တွင် ဖမ်းဆီးရမိဟု သိရ,https://news-eleven.com/article/264411,Real,Crime
225,Facebook ပေါ်တွင် ပျံ့နှံ့နေသော ဖုန်းကံစမ်းမဲ ပေါက်သည်ဟုဆိုကာ ငွေလိမ်လည်သည့် အဖွဲ့မှ အဓိက တရားခံများ လွတ်မြောက်နေဟု ရဲတပ်ဖွဲ့ ထုတ်ပြန်,https://news-eleven.com/article/264410,Real,Crime
226,တရားသူကြီး လာဘ်စားမှုအား နှစ်ကြိမ်ဆန္ဒ ဖော်ထုတ်ခဲ့သည့် ကိုဖြိုးဝေကျော်အား ပထမအကြိမ် ဆန္ဒပြမှုအတွက် ပျဉ်းမနားမြို့နယ် တရားသူကြီးက အလုပ်ကြမ်းနှင့် ထောင်ဒဏ်လေးလချမှတ်,https://news-eleven.com/article/264395,Real,Crime
227,ရန်ကုန်-ထားဝယ် ခရီးသည်တင်ယာဉ်အချို့ သံဖြူဇရပ်နှင့် ရေးမြို့အကြား သေနတ်ဖြင့် ပစ်ခတ်ခံရ,https://news-eleven.com/article/264316,Real,Crime
228,စိတ်ကူးသစ်တည်းခိုခန်း လူသတ်မှုဖြစ်စဉ်မှ တရားစွဲခံထားရသူ ငါးဦးအား လူသတ် အလောင်းဖျောက်မှု ပုဒ်မများဖြင့် အနောက်ပိုင်းခရိုင် တရားရုံးတွင် အသီးသီးစွဲချက်တင်,https://news-eleven.com/article/264305,Real,Crime
229,စာချုပ်ဖြင့် ကားကို ငှားရမ်းကာ အခြားတစ်ဦးထံ လိုင်စင်မဲ့ယာဉ်အဖြစ် လိမ်လည်ရောင်းချသည့် ဖြစ်စဉ်များ ရန်ကုန်မြို့၌ ဆက်တိုက်ဖြစ်ပွားနေပြီး မြို့နယ်လေးခုမှ ကျူးလွန်သူ အချို့အား ဖမ်းဆီးထား,https://news-eleven.com/article/264292,Real,Crime
230,မူးယစ်ဆေးဝါး လက်ဝယ်တွေ့ရှိမှုဖြင့် ဖမ်းဆီးခံထားရသည့် ဟစ်ဟော့အဆိုတော် X-Boxနှင့် ၎င်း၏ သူငယ်ချင်း သုံးဦးအား ဆက်လက်ရုံးထုတ် ရမန်ယူ,https://news-eleven.com/article/264288,Real,Crime
231,ငွေကျပ် ၇ ဒသမ ၃ ဘီလျံ ကျော် တန်ဖိုးရှိ ဘိန်းဖြူ ၁၁ ကီလို၊ စိတ်ကြွရူးသွပ်ဆေးပြား ၄၆ သိန်းကျော်နှင့်အတူ မူးယစ်မှောင်ခိုဂိုဏ်းအား ပြည်ကြီးတံခွန်မြို့နယ်တွင် ဖမ်းဆီးရမိ,https://news-eleven.com/article/300109,Real,Crime
232,■ မြောက်ဒဂုံမြို့နယ် ဗိုလ်မှူးဗထူးလမ်းပေါ်တွင် တစ်ညတည်း ယာဉ်တိုက်မှုနှစ်ခု ဖြစ်ပွားရာ သုံးဦးသေဆုံး  ■ ယာဉ်တိုက်မှုတစ်ခုနှင့် ပတ်သက်ပြီး ယာဉ်မောင်းကပ္ပိယအမျိုးသားနှင့် မော်တော်ယာဉ်ကို ရဲစခန်းတွင် အပ်နှံထားကြောင်း ၁၈ မိုင်တောရ သာသနာပြုအဖွဲ့ထုတ်ပြန်,https://news-eleven.com/article/300065,Real,Crime
233,ရေးမြို့နယ်တွင် ဆိုင်ကယ်စီးနင်းလာသူများထံမှ လူနှစ်ဦးက ဓားပြခြိမ်းခြောက်ကာ ဆိုင်ကယ်လုယက်,https://news-eleven.com/article/300020,Real,Crime
234,မုံရွာ-မန္တလေးကားလမ်း ညောင်ပင်ဇင်ကျေးရွာအနီးတွင် မော်ေတော်ယာဉ် တစ်စီး အရှိန်လွန်ကာ ရေကျော်တံတားအောက် ထိုးကျတိမ်းမှောက်မှုဖြစ်ပွားပြီး ယာဉ်ပေါ်ပါ ခရီးသည် အမျိုးသမီးတစ်ဦး သေဆုံး,https://news-eleven.com/article/299997,Real,Crime
235,ဧရာဝတီတံတား (ရတနာပုံ) ပေါ်တွင် အိမ်စီးကားတစ်စီး တံတားဘောင်အား တိုက်မိကာ မီးလောင်မှုဖြစ်ပွား,https://news-eleven.com/article/299994,Real,Crime
236,ရန်ကုန် - မော်လမြိုင်ကားလမ်းပေါ်ရှိ တံတားတစ်စင်းအောက်တွင် ထောင်ထားသည့် လက်လုပ်မိုင်းကြီး ၁၂ လုံး တွေ့ရှိ,https://news-eleven.com/article/299932,Real,Crime
237,မန္တလေးမြို့တွင် တစ်ရက်အတွင်း မီးလောင်မှု နှစ်ကြိမ်ဖြစ်ပွား,https://news-eleven.com/article/299912,Real,Crime
238,ရေးမြို့မရဲစခန်းတွင် အချုပ်သားများက ရဲတပ်ဖွဲ့ဝင်များထံမှ သေနတ်လုယူပြီး  ပစ်ခတ်ထွက်ပြေးသည့်အတွက် ရဲတပ်ဖွဲ့ဝင် သုံးဦးသေဆုံးကာ ရဲစခန်းမှူး ပြင်းထန်ဒဏ်ရာရရှိ,https://news-eleven.com/article/299907,Real,Crime
239,ဘီးလင်းမြို့နယ် ရင်းအုံကျေးရွာ နှင့် ကျားကွင်းကျေးရွာကြား၊ ဘီးလင်း - နတ်ကြီး - ဖာပွန် ကားလမ်းပေါ်ရှိ ချောင်းကူးတံတားတစ်စင်း မိုင်းထောင်ဖောက်ခွဲဖျက်ဆီးခံရ,https://news-eleven.com/article/299893,Real,Crime
240,■ သထုံမြို့နယ် မြေနီကုန်းကျေးရွာအနီး ရန်ကုန်-မော်လမြိုင် ကားလမ်းပေါ်ရှိ တံတားငယ် တစ်စင်းကို မိုင်းထောင်နေစဉ် မိုင်းပေါက်ကွဲမှုကြောင့် အမျိုးသားတစ်ဦး သေဆုံးပြီး နှစ်ဦး ဒဏ်ရာရရှိကာ ထွက်ပြေး တိမ်းရှောင်သွားကြောင်း သိရ,https://news-eleven.com/article/299816,Real,Crime
241,ထိုင်းနိုင်ငံ ဘန်ကောက် မြို့သို့ တရားမဝင် သွားရောက်မည့် မြန်မာနိင်ငံသား ၂၁ ဦး ဖိုးဖရာ့ မြို့နယ်တွင် ဖမ်းဆီးခံရ,https://news-eleven.com/article/299781,Real,Crime
242,ကျောက်ပန်းတောင်း- မိတ္ထီလာကားလမ်းတွင် ခရီးသည်တင်မော်တော်ယာဉ်တစ်စီး မီးလောင်,https://news-eleven.com/article/299745,Real,Crime
243,မိုင်းမောမြို့နယ်တွင် မူးယစ်ဆေးသုံးကာ စိတ်မူမမှန်ဖြစ်ပြီး ဖခင်ဖြစ်သူအား ဓားဖြင့်ခုတ်သတ်သူကို UWSA က သေဒဏ်ချမှတ်,https://news-eleven.com/article/299731,Real,Crime
244,ရွှေဘိုမြို့နယ်တွင် ဧည့်စာရင်းမတိုင်သည့် လူငယ်တစ်ဦးအား ဖမ်းဆီးကာ ပြည်သူ့စစ်မှုထမ်းကိစ္စနှင့်စပ်လျဉ်း၍ ကျပ်သိန်း ၁၃၀ တောင်းခံခဲ့သည့် မြို့နယ်ရဲမှူးနှင့် ထွေအုပ်ဝန်ထမ်းနှစ်ဦးကို အရေးယူ,https://news-eleven.com/article/299730,Real,Crime
245,AA တပ်ဖွဲ့ဝင်များကျူးလွန်ခဲ့သော စစ်ရာဇဝတ်မှုများကို စုံစမ်းစစ်ဆေးပေးရန် Fortify Rights လူ့အခွင့်အရေးအဖွဲ့က ICC ထံတောင်းဆို,https://news-eleven.com/article/299632,Real,Crime
246,ရေး - ထားဝယ်ကားလမ်း မလွှဲတောင်တက်လမ်းတွင် မော်တော်ယာဉ်တစ်စီး အရှိန်လွန်ကာ ချောက်ထဲထိုးကျခဲ့သည့်အတွက်ကြောင့် ခရီးသည်ငါးဦး သေဆုံးကာ ငါးဦးထက်မနည်း ထိခိုက်ဒဏ်ရာရရှိ,https://news-eleven.com/article/299595,Real,Crime
247,မန္တလေးမြို့ ၆၉(A)လမ်း ၁၁၅ လမ်းနှင့် ၁၁၆ လမ်းကြားတွင် အုပ်စုဖွဲ့၍ ဆိုင်ကယ်တစ်စီးအား လုယက်ယူဆောင်,https://news-eleven.com/article/299583,Real,Crime
248,ကျိုက်ထိုမြို့နယ် မလော့ချောင်ကျေးရွာနေ အမျိုးသားတစ်ဦး သေနတ်ဖြင့် ပစ်ခတ်ခံရပြီး သေဆုံး,https://news-eleven.com/article/299582,Real,Crime
249,ရှမ်းပြည်နယ်မှ ရခိုင်ပြည်နယ်သို့ ရေကြောင်းဖြင့် သယ်ဆောင်သည့် ကျပ် ၂ ဒသမ ၂ ဘီလျံကျော်တန်ဖိုးရှိ စိတ်ကြွရူးသွပ်ဆေးပြား ၁၄ သိန်းကျော် ရခိုင်ကမ်းရိုးတန်း ကျောက်ဖြူမြို့နယ်၌ ဖမ်းဆီးရမိ,https://news-eleven.com/article/296007,Real,Crime
250,မန္တလေးမြို့တွင် ဓားဖြင့်ခုတ်ပြီး ဖုန်းလုယက်သူနှစ်ဦး ထွက်ပြေးစဉ် ကားတိုက်မိပြီး သေဆုံး,https://news-eleven.com/article/295992,Real,Crime
251,အုတ်တွင်းမြို့နယ်ရှိ ကျေးရွာတစ်ရွာတွင် ငါးနှစ်အရွယ် ကလေးငယ်ကို မွေးစားဖခင်က ရေနွေးပူဖြင့်လောင်း၊ လက်သီးဖြင့် ထိုးနှိပ်စက်ပြီး အဓမ္မပြုကျင့်သဖြင့် ရဲစခန်းတွင် အမှုဖွင့်တိုင်ကြား,https://news-eleven.com/article/295940,Real,Crime
252,ရေကြီးရေလျှံမှု ကြုံတွေ့နေရသည့် နေပြည်တော်ရှိ ကျေးရွာအချို့တွင် နေအိမ်ဖောက်ထွင်းခံရမှုများ ဖြစ်ပွားနေပြီး သက်ဆိုင်ရာမှ ဖမ်းဆီးရမိမှု ဖြစ်စဉ်များလည်း ရှိနေ,https://news-eleven.com/article/295609,Real,Crime
253,တပ်ကုန်းမြို့နယ်တွင် ရေစီးနှင့်မျောပါလာသည့် ဂါလံ ၆၄၀၀ ဆံ့ 92 ဓာတ်ဆီသံသိုလှောင်ကန်မှ ဆီခပ်ယူနေစဉ် မီးလောင်မှုဖြစ်ပွားပြီး ဆီခပ်သူ ၁၂ ဦး ဒဏ်ရာရ,https://news-eleven.com/article/295533,Real,Crime
254,နေပြည်တော်ကောင်စီနယ်မြေအတွင်းရှိ ရေဘေးသင့်သူ ၃၆၀၀ ကျော်အား ရွှေ့ပြောင်းခဲ့ပြီး ရေဘေးကြောင့် သေဆုံးသူ ၁၉ ဦးရှိခဲ့ကာ ကူညီကယ်ဆယ်မှု ဆက်လက်လိုအပ်နေ,https://news-eleven.com/article/295528,Real,Crime
255,မန္တလေးတိုင်းဒေသကြီး၊ ပြည်ကြီးတံခွန်မြို့နယ်၌ နေအိမ်အတွင်း ဝင်ရောက်ကာ ဓားပြတိုက်လုယက်မှုကျူးလွန်ခဲ့သူ (၇)ဦးအား သက်သေခံပစ္စည်းများနှင့်အတူ ဖမ်းဆီးရမိ,https://news-eleven.com/article/295520,Real,Crime
256,■ ရှမ်းပြည်နယ်(အရှေ့ပိုင်း)၊ ကျိုင်းတုံမြို့နယ်မှ မိုင်းဖြတ်မြို့နယ်သို့ ပို့ဆောင်မည့် ငွေကျပ် ၈ ဒဿမ ၃၇ ဘီလျံ ကျော် တန်ဖိုးရှိ အိုက်စ်(မက်သ်အဖက်တမင်း) ၁ တန်ကျော် ဖမ်းဆီးရမိ,https://news-eleven.com/article/295433,Real,Crime
257,မြန်မာပလာဇာရှေ့ ကမ္ဘာအေးဘုရားလမ်းပေါ်တွင် သစ်ပင်လဲကျသဖြင့် မော်တော်ယာဉ်နှစ်စီး ပိမိကာ လမ်းပိတ်ဆို့မှုဖြစ်ပွားခဲ့,https://news-eleven.com/article/295420,Real,Crime
258,မုဒုံမြို့နယ် နှီးပဒေါကျေးရွာမှ ပြည်သူ့စစ်ခေါင်းဆောင်နှင့် သားဖြစ်သူတို့ သေနတ်ဖြင့် ပစ်ခတ်ခံရပြီး သေဆုံး,https://news-eleven.com/article/295412,Real,Crime
259,အောင်ပန်းမြို့တွင် တောင်ကျချောင်းရေနှင့် မျောပါပြီး မိခင်နှင့်အတူ ခြောက်လအရွယ် ကလေးငယ် သေဆုံး,https://news-eleven.com/article/295271,Real,Crime
260,မြန်မာ-ထိုင်းနယ်စပ် မဲဆောက်မြို့နယ်တွင် ၁၃ နှစ်အရွယ် မြန်မာအမျိုးသမီးငယ်နှင့် ၎င်း၏ဖခင်တို့ ဓားဖြင့်ထိုးသတ်ခံရ,https://news-eleven.com/article/295229,Real,Crime
261,ရေးမြို့နယ် လမိုင်းမြို့ ရှင်စောပုဈေးရှိ ယုဇနစိန် ရွှေရတနာဆိုင်ကို အမျိုးသားနှစ်ဦးက သေနတ်ပြပြီး ရွှေထည်ပစ္စည်းများ လုယက်မှုဖြစ်ပွား,https://news-eleven.com/article/295228,Real,Crime
262,လှိုင်သာယာမြို့နယ်တွင် ဆန်ဂိုဒေါင်မှ အလုပ်သမားတစ်ဦး ဆန်အိတ်ပုံပြိုကျသဖြင့် သေဆုံး,https://news-eleven.com/article/295219,Real,Crime
263,ရန်ကုန် - မော်လမြိုင်ကားလမ်းတွင် Toyota Hiace အမျိုးအစား ခရီးသည်တင်ယာဉ်တစ်စီး မိုင်းဆွဲတိုက်ခိုက်ခံပြီး ယာဉ်မောင်းအပါအဝင် အမျိုးသား နှစ်ဦးသေဆုံးကာ ခရီးသည်ငါးဦး ထိခိုက်ဒဏ်ရာရ,https://news-eleven.com/article/295186,Real,Crime
264,ထိုင်းနိုင်ငံ ဆောက်လက်စ မီးရထားဥမင်လိုဏ်ခေါင်းပြိုကျမှုတွင် ပိတ်မိနေသူ သုံးဦးအနက် မြန်မာနိုင်ငံသား တစ်ဦး၏ ရုပ်အလောင်းကို တွေ့ရှိ,https://news-eleven.com/article/295056,Real,Crime
265,ကမာရွတ်မြို့နယ် ဗဟိုလမ်းရှိ ၁၅ ပေဂုံးတံတားနံရံအား ယာဉ်တစ်စီးမှ ဝင်တိုက်မှုဖြစ်ပွားပြီး ယာဉ်ပေါ်ပါသူများအနက် နှစ်ဦးသေဆုံးကာ သုံးဦးဒဏ်ရာရရှိ,https://news-eleven.com/article/295054,Real,Crime
266,အကြမ်းဖက်ခံရမှုများကြောင့် သေဆုံး/ကိုယ်အင်္ဂါ အစိတ်အပိုင်း ဆုံးရှုံးခဲ့ရသည့် ပြည်သူများ၊ နိုင်ငံ့ဝန်ထမ်းများ၊ ကျန်ရစ်သူမိသားစုဝင် သား/သမီးများအား ကူညီစောင့်ရှောက်ပေးနိုင်သော ဥပဒေတစ်ရပ် ရေးဆွဲပြဋ္ဌာန်းနိုင်ရေး စီစဉ်နေ,https://news-eleven.com/article/295039,Real,Crime
267,■  နေပြည်တော်တွင် မြန်မာအီလက်ထရောနစ် မဲပေးစက်(MEVM) အသုံးပြု၍ မဲပေးခြင်းဆိုင်ရာ အသိပညာပေး ဟောပြောပွဲနှင့် လက်တွေ့သရုပ်ပြ စမ်းသပ်မဲပေးခြင်း ဆောင်ရွက်,https://news-eleven.com/article/305410,Real,Politics
268,ရှမ်းပြည်နယ်ဝန်ကြီးချုပ် ဦးဆောင်သည့် ပြည်နယ်အစိုးရအဖွဲ့ “၀” ဒေသနှင့် မိုင်းလားဒေသသို့ သွားရောက်၍ အဆိုပါအဖွဲ့ခေါင်းဆောင်များနှင့် တွေ့ဆုံ,https://news-eleven.com/article/305154,Real,Politics
269,မြန်မာနိုင်ငံ၏ အခြေအနေကို အနီးကပ်စောင့်ကြည့်နေပြီး တည်ငြိမ်မှုကို ထိန်းသိမ်းရာတွင် ပံ့ပိုးပေးသွားမည်ဟု တရုတ်နိုင်ငံခြားရေးပြောရေးဆိုခွင့်ရှိသူ ပြောကြား,https://news-eleven.com/article/304960,Real,Politics
270,အမျိုးသားကာကွယ်ရေးနှင့် လုံခြုံရေးကောင်စီက တပ်မတော်ကာကွယ်ရေးဦးစီးချုပ်ထံ နိုင်ငံတော်အာဏာ လွှဲအပ်ဆောင်ရွက်စေခဲ့သည့် အမိန့်အား ပယ်ဖျက်,https://news-eleven.com/article/304914,Real,Politics
271,အမျိုးသားကာကွယ်ရေးနှင့် လုံခြုံရေးကောင်စီက တပ်မတော်ကာကွယ်ရေးဦးစီးချုပ်ထံ နိုင်ငံတော်အာဏာ လွှဲအပ်ဆောင်ရွက်စေခဲ့သည့် အမိန့်အား ပယ်ဖျက်,https://news-eleven.com/article/304911,Real,Politics
272,■  နိုင်ငံတော်ဝန်ကြီးချုပ်အဖြစ် ဦးညိုစောက တာဝန်ယူမည့် ပြည်ထောင်စုအစိုးရအဖွဲ့ကို အမျိုးသားကာကွယ်ရေးနှင့် လုံခြုံရေးကောင်စီက ဖွဲ့စည်း,https://news-eleven.com/article/304910,Real,Politics
273,■ ယာယီသမ္မတ(တာဝန်) တပ်မတော်ကာကွယ်ရေးဦးစီးချုပ်က ဥက္ကဋ္ဌအဖြစ် တာဝန်ယူမည့် နိုင်ငံတော်လုံခြုံရေးနှင့် အေးချမ်းသာယာရေးကော်မရှင် ဖွဲ့စည်း,https://news-eleven.com/article/304908,Real,Politics
274,အမျိုးသားကာကွယ်ရေးနှင့် လုံခြုံရေးကောင်စီအစည်းအဝေး နေပြည်တော်တွင် ကျင်းပနေ,https://news-eleven.com/article/304900,Real,Politics
275,■ နိုင်ငံခြားရေးဝန်ကြီးဌာန ဒုတိယဝန်ကြီး ဦးကိုကိုကျော်နှင့် တီမောလက်စ်တေသံရုံး ယာယီတာဝန်ခံတွေ့ဆုံ ဆွေးနွေး  ■ မြန်မာနိုင်ငံနှင့် တီမောလက်စ်တေနိုင်ငံအကြား ချစ်ကြည်ရင်းနှီးမှုကို တိုးမြှင့်ရန် ဆန္ဒရှိပြီး မြို့တော်ဒီလီ၌ မြန်မာသံရုံးလာရောက် ဖွင့်လှစ်စေလိုကြောင်း သံရုံးယာယီတာဝန်ခံ ပြောကြား,https://news-eleven.com/article/304722,Real,Politics
276,■  ပြည်သူ့စစ်မှုထမ်းသင်တန်း အမှတ်စဉ် (၁၅) သင်တန်းဖွင့်ပွဲများ တိုင်းစစ်ဌာနချုပ်အသီးသီးရှိ သင်တန်းကျောင်းများတွင် ပြုလုပ်,https://news-eleven.com/article/304404,Real,Politics
277,■ ရှန်ဟိုင်းပူးပေါင်းဆောင်ရွက်ရေးအဖွဲ့၏ ဒုတိယအကြိမ် ဒစ်ဂျစ်တယ်စီးပွားရေးဖိုရမ်သို့ ဒုတိယဝန်ကြီးချုပ်နှင့် ပို့ဆောင်ရေးနှင့် ဆက်သွယ်ရေးဝန်ကြီးဌာန ပြည်ထောင်စုဝန်ကြီး တက်ရောက်,https://news-eleven.com/article/304403,Real,Politics
278,မြန်မာအရေးနှင့် မြန်မာအရေး၏ ဒေသတွင်းသက်ရောက်မှုများကို အလွန်အမင်းစိုးရိမ်ကြောင်း Quad အဖွဲ့၏နိုင်ငံခြားရေးဝန်ကြီးများ ထုတ်ပြန်,https://news-eleven.com/article/304097,Real,Politics
279,မြန်မာနိုင်ငံနှင့် ရုရှားနိုင်ငံ ဘူရားတီးရားပြည်နယ်ရှိ မီးရထားစက်ရုံနှင့် လေယာဉ်စက်ရုံများကြား ပူးပေါင်းဆောင်ရွက်ရန် အလားအလာရှိကြောင်း နစက ဥက္ကဋ္ဌ ပြောကြား,https://news-eleven.com/article/304023,Real,Politics
280,နိုင်ငံအားလုံးနှင့် ဆက်ဆံသည့်နေရာတွင် ပြည်သူလူထူ၏ လူမှုအကျိုးစီးပွားအတွက် လက်တွေ့အကျိုးစီးပွားဖြစ်နိုင်သည့် နိုင်ငံများနှင့် ဦးစားပေးပြီး ဆက်ဆံသွားမည်ဖြစ်ကြောင်း နစက ပြောရေးဆိုခွင့်ရှိသူ ပြောကြား,https://news-eleven.com/article/304016,Real,Politics
281,ရွေးကောက်ပွဲအလွန်တွင် ဖွဲ့စည်းပုံအခြေခံဥပဒေပြန်လည်သုံးသပ်ခြင်းဆိုင်ရာ ညီလာခံတစ်ခုဆောင်ရွက်ရန်နှင့် အကျဉ်းသားပြန်လည်လွတ်မြောက်ရေးကိစ္စများ ဆောင်ရွက်ရန် ငြိမ်းချမ်းရေးဖိုရမ်တွင် ဆွေးနွေး,https://news-eleven.com/article/303939,Real,Politics
282,စတုတ္ထအကြိမ် ဥရောပ-အာရှစီးပွားရေးဖိုရမ် (EFF-2025) တက်ရောက်ရန် လာမည့်ရက်ပိုင်းအတွင်း နစက ဥက္ကဋ္ဌ ဘယ်လာရုစ်နိုင်ငံသို့ တရားဝင်ခရီးစဉ် သွားရောက်မည်,https://news-eleven.com/article/303841,Real,Politics
283,မြန်မာနိုင်ငံသည် ကမ္ဘာ့အကျင့်ပျက်ခြစားမှု အညွှန်းကိန်းသတ်မှတ်ချက်တွင် အဆိုးဆုံးနိုင်ငံများစာရင်း၌ ပြန်လည်စာရင်းဝင်လာပြီး စိုးရိမ်စရာအခြေအနေဖြစ်လာ,https://news-eleven.com/article/303797,Real,Politics
284,ငလျင်ဒဏ်ကြောင့် ထိခိုက်ပျက်စီးခဲ့သည့်  MICC-1၊ ရန်အောင်မြင်ဆည်နှင့် ရွှေကြာပင်ရပ်ကွက်တွင် ယာယီဖွင့်လှစ်ကုသပေးလျက်ရှိသည့် အမေရိကန်အခြေဆိုက် Samaritan’s Purse Internation Relief Organization၏ ရွေ့လျားဆေးရုံအား နစကဥက္ကဋ္ဌ သွားရောက်ကြည့်ရှု,https://news-eleven.com/article/301926,Real,Politics
285,BIMSTEC ထိပ်သီးအစည်းအဝေး စတင်ကျင်းပခဲ့ပြီး မြန်မာနှင့် ထိုင်းတွင် လှုပ်ခတ်ခဲ့သည့် ငလျင်ကြောင့် သေဆုံးဒုက္ခရောက်ခဲ့ရသူများအတွက် ဝမ်းနည်းခြင်းအထိမ်းအမှတ် ခေတ္တငြိမ်သက်,https://news-eleven.com/article/301766,Real,Politics
286,BIMSTEC အစည်းအဝေးမစတင်မီ နစကဥက္ကဋ္ဌက ထိုင်းဝန်ကြီးချုပ်နှင့် တွေ့ဆုံ,https://news-eleven.com/article/301749,Real,Politics
287,နစကဥက္ကဋ္ဌက အိန္ဒိယဝန်ကြီးချုပ်နှင့်တွေ့ဆုံ,https://news-eleven.com/article/301744,Real,Politics
288,ကာကွယ်ရေးဝန်ကြီးဌာန၏ ၂၀၁၈-၂၀၁၉ ဘဏ္ဍာနှစ် ပိုလျှံငွေများမှ GRF သို့ အသားတင်အပ်နှံငွေသည် ကျပ် ၅၃ ဘီလျံကျော်သာဖြစ်ပြီး ခွင့်ပြုငွေ၏ ၁ ဒသမ ၅ ရာခိုင်နှုန်းခန့်သာ ရှိကြောင်းနှင့် ဘဏ္ဍာရေးဆိုင်ရာ လုပ်ထုံးလုပ်နည်း၊ စည်းမျဉ်းစည်းကမ်းများနှင့်အညီ ပြန်လည်အပ်နှံခဲ့ကြောင်း ကာကွယ်ရေးဒုတိယဝန်ကြီး ပြောကြား,https://news-eleven.com/article/183955,Real,Politics
289,အစိုးရဌာန၊ အဖွဲ့အစည်းများအနေဖြင့် ငွေလုံးငွေရင်း အသုံးစရိတ်များ ရေးဆွဲရာတွင် သတိပြုလိုက်နာ ဆောင်ရွက်ရမည့်အချက်များအား ဘတ်ဂျက်အမှာစာများနှင့်အတူ အကြောင်းကြားခဲ့သော်လည်း လိုက်နာရန် အားနည်းမှုများ ရှိနေဆဲဖြစ်သည်ကို တွေ့ရဟု ဒုတိယဝန်ကြီး ပြောကြား,https://news-eleven.com/article/183951,Real,Politics
290,ရန်ကုန်တိုင်း ရခိုင်တိုင်းရင်းသားရေးရာ ဝန်ကြီးနေရာတွင် တစ်သီးပုဂ္ဂလ ကိုယ်စားလှယ်လောင်းအနေဖြင့် ဝင်ရောက်ယှဉ်ပြိုင်မည်ဟု အမျိုးသားလွှတ်တော်ကိုယ်စားလှယ် ဒေါ်ထုမေ ပြောကြား,https://news-eleven.com/article/183947,Real,Politics
291,ရခိုင်ပြည်နယ်အတွင်း လက်ရှိကောက်ယူထားသော စာရင်းများအရ မဲဆန္ဒရှင် ၁၆ သိန်းကျော်ရှိပြီး မဲရုံပေါင်း၂၅၀၀ ကျော်ရှိ,https://news-eleven.com/article/183943,Real,Politics
292,မလေးရှားနှင့် ထိုင်းနိုင်ငံတို့မှ မြန်မာနိုင်ငံသားအလုပ်သမားများ လွတ်လပ်စွာမဲပေးနိုင်ရေးအတွက် တပ်မတော်က လေယာဉ်၊ ရေယာဉ်များဖြင့် ရွေးကောက်ပွဲမတိုင်မီ ပြန်လည်ခေါ်ဆောင်ရန် ပြည်ခိုင်ဖြိုးပါတီက အစိုးရအား တိုက်တွန်းသည့်အဆိုလွှတ်တော်၌ မဲခွဲဆုံးဖြတ်ရာတွင် ရှုံးနိမ့်,https://news-eleven.com/article/183754,Real,Politics
293,နိုင်ငံတော်သမ္မတနှင့် နိုင်ငံတော်၏အတိုင်ပင်ခံပုဂ္ဂိုလ်တို့ လာမည့် ၂၀၂၀ အထွေထွေရွေးကောက်ပွဲတွင် ဝင်ရောက်ယှဉ်ပြိုင်မည်ဖြစ်ပြီး မည်သည့်မြို့နယ်၌ ဝင်ရောက်ယှဉ်ပြိုင်မည်နှင့် ကျန်အသေးစိတ် အချက်အလက်များကို ဇူလိုင် ၂၃ ရက်တွင် ကြေညာမည်,https://news-eleven.com/article/183749,Real,Politics
294,မွန်ညီညွတ်ရေးပါတီအနေဖြင့် ဗဟိုအလုပ်အမှုဆောင်ကော်မတီ အစည်းအဝေးပြီးမှသာ ရွေးကောက်ပွဲဝင်ရောက်မည့် လွှတ်တော်ကိုယ်စားလှယ်လောင်းအမည်စာရင်း ကြေညာမည်,https://news-eleven.com/article/183750,Real,Politics
295,၂၀၂၀ အထွေထွေရွေးကောက်ပွဲတွင် ‘‘၀’’ အမျိုးသားပါတီအနေဖြင့် မြို့နယ်ပေါင်း ၁၀ မြို့နယ်၌ ကိုယ်စားလှယ်လောင်း ၂၃ နေရာခန့် ဝင်ရောက်ပြိုင်ရန်လျာထား,https://news-eleven.com/article/183747,Real,Politics
296,ဧရာဝတီတိုင်းအတွင်း ဆန္ဒမဲပေးပိုင်ခွင့်ရှိသူ ၄၄ သိန်းကျော်ရှိပြီး မဲရုံပေါင်း ၅၇၀၀ ကျော်ထားရှိမည်,https://news-eleven.com/article/183735,Real,Politics
297,ပအိုဝ်းအမျိုးသားအဖွဲ့ချုပ် (PNO) ပါတီက အထွေထွေရွေးကောက်ပွွဲတွင် ပဲခူးတိုင်းဒေသကြီး၊ ရှမ်း၊ ကယားနှင့် မွန်ပြည်နယ်တို့ရှိ ၂၂ မြို့နယ်၌ ၃၄ နေရာဝင်ရောက်ယှဉ်ပြိုင်မည်,https://news-eleven.com/article/183563,Real,Politics
298,COVID-19 ကန့်သတ်ချက်များကြောင့် အထွေထွေရွေးကောက်ပွဲ အကြိုကာလ ကိုယ်စားလှယ်လောင်း ရွေးချယ်ခြင်းအပါအဝင် ပါတီစည်းရုံးရေးလုပ်ငန်းများ အခက်အခဲရှိနေသဖြင့် ဖြေလျှော့ခြင်းများ ဆောင်ရွက်ပေးရန် တိုင်းရင်းသားနိုင်ငံရေးပါတီအချို့ တောင်းဆို,https://news-eleven.com/article/183340,Real,Politics
299,ရွေးကောက်ပွဲဆိုင်ရာ ကျင့်ဝတ်စောင့်ကြည့်လေ့လာရေးကော်မတီကို နိုင်ငံရေးပါတီများမှ ကိုယ်စားလှယ် ၃၀ ဖြင့် ဖွဲ့စည်း,https://news-eleven.com/article/183339,Real,Politics
300,၂၁ ရာစုပင်လုံ စတုတ္ထအစည်းအဝေးကို သြဂုတ် ၁၂ ရက်တွင် စတင်ကျင်းပရန် အလုပ်အဖွဲ့အစည်းအဝေးတွင် သဘောတူညီချက်ရရှိထားပြီး ရလဒ်ကောင်းထွက်စေချင်သည့်အတွက် Social Distancing ဖြင့် လုပ်မည်ဟု သမ္မတရုံးပြောရေးဆိုခွင့်ရှိသူ ပြောကြား,https://news-eleven.com/article/183337,Real,Politics
301,ပြည်ထောင်စုရွေးကောက်ပွဲကော်မရှင်ကို အရပ်ဘက်အဖွဲ့အစည်းများက မသင်္ကာသည့်ပုံစံဖြင့် အချက်အလက်ရှာမည်ဆိုပါက  လုပ်ငန်းပိုင်းတွင် ထပ်တူကျမည်မဟုတ်ကြောင်း ကော်မရှင်ဥက္ကဋ္ဌ ပြောကြား,https://news-eleven.com/article/183184,Real,Politics
302,ဗိုလ်ချုပ်အောင်ဆန်းသည် အမျိုးသားခေါင်းဆောင်ဖြစ်သည့်အတွက် နိုင်ငံသားတိုင်းပိုင်ဆိုင်ပြီး မဲဆွယ်ရာတွင် ဗိုလ်ချုပ်ပုံ သုံး မသုံးမှာ ပါတီများ၏ သဘောထားသာဖြစ်ဟု ပြည်ထောင်စုရွေးကောက်ပွဲကော်မရှင်ဥက္ကဋ္ဌ ပြောကြား,https://news-eleven.com/article/183181,Real,Politics
303,ပြည်သူ့ပါတီက ဧရာဝတီတိုင်းအတွင်းရှိ ၂၆ မြို့နယ်အနက် ရှစ်မြို့နယ်တွင် အထွေထွေရွေးကောက်ပွဲ ဝင်ရောက်ယှဉ်ပြိုင်မည်,https://news-eleven.com/article/183180,Real,Politics
304,တိုင်းရင်းသားစည်းလုံးညီညွှတ်ရေးပါတီ (တစည) အနေဖြင့် ၂၀၂၀ ရွေးကောက်ပွဲတွင် မြို့နယ် ၁၇၇ မြို့နယ်၌ ဝင်ရောက်ယှဉ်ပြိုင်မည်ဖြစ်ပြီး ရခိုင်ပြည်နယ်တွင် ယှဉ်ပြိုင်မည်မဟုတ်ဟု ပါတီဒုတိယဥက္ကဋ္ဌ ပြောကြား,https://news-eleven.com/article/183178,Real,Politics
305,ရန်ကုန်တိုင်းဒေသကြီး လုံခြုံရေးနှင့် နယ်စပ်ရေးရာဝန်ကြီးအပါအဝင် တပ်မတော်သားကိုယ်စားလှယ်အချို့ ပြောင်းလဲတာဝန်ပေးရန်  တိုင်းဒေသကြီးလွှတ်တော် အရေးပေါ်အစည်းအဝေးခေါ်ယူ,https://news-eleven.com/article/183172,Real,Politics
306,ရွေးကောက်ပွဲတိုင်း လွတ်လပ်၍တရားမျှတရန် ဆုတောင်းပြီး ၂၀၂၀ အထွေထွေရွေးကောက်ပွဲနှင့် ရွေးကောက်ပွဲ ကော်မရှင်ကို စိုးရိမ်ကြောင်း ပြည်ထောင်စု ရွေးကောက်ပွဲကော်မရှင် ဥက္ကဋ္ဌဟောင်း ဦးတင်အေး ပြောကြား,https://news-eleven.com/article/182615,Real,Politics
307,မူဆယ်မြို့နယ်တွင် ရှမ်းတိုင်းရင်းသားများဒီမိုကရေစီအဖွဲ့ချုပ် (SNLD) ပါတီကိုယ်စားပြု အထွေထွေရွေးကောက်ပွဲ ဝင်ရောက်ယှဉ်ပြိုင်မည့် လွှတ်တော်ကိုယ်စားလှယ်လောင်းများ ပဏာမရွေးချယ်ပွဲ ပြုလုပ်,https://news-eleven.com/article/182609,Real,Politics
308,ရွေးကောက်ပွဲယှဉ်ပြိုင်မည့် ကိုယ်စားလှယ်လောင်း ၆၈ ဦးရှိပြီး ၀ါရင့်နိုင်ငံရေးသမားများပါဝင်ဟု ကချင်ပြည်နယ်ပြည်သူ့ပါတီ ထုတ်ပြန်,https://news-eleven.com/article/182390,Real,Politics
309,စစ်ကိုင်းမြို့ ကမ်းနားလမ်းနှင့် မြို့ပေါ်ရှိ ဓာတ်တိုင်အချို့တွင်  ၂၀၂၀ ရွေးကောက်ပွဲ၌ အမျိုးသားလွှတ်တော်ကိုယ်စားလှယ် ဦးကျော်သောင်း အလိုမရှိ စာရွက်များ လိုက်လံကပ်မှုဖြစ်ပွား,https://news-eleven.com/article/182388,Real,Politics
310,အထွေထွေရွေးကောက်ပွဲတွင် ဖလုံ-စဝေါ်ဒီမိုကရက်တစ်ပါတီမှ ကိုယ်စားလှယ်လောင်းများ ကရင်အမျိုးသားဒီမိုကရက်တစ်ပါတီ (KNDP) အမည်ဖြင့် ယှဉ်ပြိုင်ရန်နှင့် ကရင်နိုင်ငံရေးပါတီများ မဲဆန္ဒနယ်မထပ်ရန် ညှိနှိုင်းထားကြောင်း KNDP ပါတီဥက္ကဋ္ဌ ပြောကြား,https://news-eleven.com/article/182368,Real,Politics
311,ငြိမ်းချမ်းရေးလုပ်ငန်းစဉ်နှင့် ပတ်သက်၍ ညှိနှိုင်းဆွေးနွေးရာတွင် အားလုံးအတွက် အကျိုးရှိမည်ဆိုပါက အလျှော့အတင်းပြုလုပ်ရန် လိုအပ်ကြောင်း RCSS ဥက္ကဋ္ဌ ပြောကြား,https://news-eleven.com/article/182393,Real,Politics
312,ရှမ်းပြည်နယ်တွင် တိုင်းရင်းသားပါတီများ အောင်နိုင်ရေးအတွက် ဝန်းရံကူညီမည်ဖြစ်ပြီး တိုင်းရင်းသားပါတီများ လိုအပ်ချက်ဖြစ်သော မြို့နယ်သုံးခုတွင် ဝင်ရောက်ယှဉ်ပြိုင်မည်ဖြစ်ကြောင်း ရှမ်းပြည်နယ် ပြည်သူ့ပါတီအထွေထွေအတွင်းရေးမှူး ပြောကြား,https://news-eleven.com/article/182387,Real,Politics
313,ရှစ်လေးလုံးမျိုးဆက်141 နိုင်ငံရေးအင်အားစုမှအချို့ ပြည်သူ့ပါတီသို့ ပါတီဝင်အဖြစ် ဝင်ရောက်,https://news-eleven.com/article/182270,Real,Politics
314,ငြိမ်းချမ်းရေးအတွက် နိုင်ငံရေးအခင်းအကျင်း၌ တိုင်းရင်းသားများ၊ တိုင်းရင်းသားကိုယ်စားပြု အဖွဲ့အစည်းများ ပါဝင်ရန်လိုအပ်သဖြင့် အထွေထွေရွေးကောက်ပွဲတွင် တိုင်းရင်းသားပါတီများကိုအားပေးရန် မွန်ညီညွတ်ရေးပါတီ ဗဟိုအလုပ်အမှုဆောင်အဖွဲ့ဝင် ပြောကြား,https://news-eleven.com/article/182235,Real,Politics
315,UNDP ပါတီက ပြည်ခရိုင်ရုံးခွဲဖွင့်လှစ်ခဲ့ပြီး လွှတ်တော်သက်တမ်းနှစ်ကြိမ်ရှိပြီဖြစ်သော်လည်း ပြည်သူများ ဒုက္ခရောက်နေဆဲမို့ တရားဝင်ဆောင်ရွက်ပေးနိုင်ရေးအတွက် လွှတ်တော်တွင်းဝင်ရန် ကြိုးစားခြင်းဖြစ်ဟု ပါတီတိုင်းတာဝန်ခံ ပြောကြား,https://news-eleven.com/article/182230,Real,Politics
316,အထွေထွေရွေးကောက်ပွဲ၌ တိုင်းရင်းသားပါတီများအောင်နိုင်ရန်အတွက် တိုင်းရင်းသားပါတီအချင်းချင်း ထိပ်တိုက်ရင်ဆိုင်ရေး ရှောင်ရှား၍ ကိုယ်စားလှယ်လောင်းရွေးချယ်ရာတွင် ညှိနှိုင်းဆောင်ရွက်ရန် SNDP ပါတီ အထွေထွေအတွင်းရေးမှူး တိုက်တွန်း,https://news-eleven.com/article/182229,Real,Politics
317,ပြည်ထောင်စုအရေးကို ဦးထိပ်ထား၍ ငြိမ်းချမ်းရေးလုပ်ငန်းစဉ် ဆောင်ရွက်ပါက ဖက်ဒရယ်ပြည်ထောင်စု တည်ဆောက်နိုင်မည်ဟု PPST ယာယီအဖွဲ့ခေါင်းဆောင် RCSS ဥက္ကဋ္ဌ ပြောကြား,https://news-eleven.com/article/182237,Real,Politics
318,ရွေးကောက်ပွဲ ကန့်ကွက်လွှာ စစ်ဆေးဆုံးဖြတ်ချက်များ၊ မဲဆန္ဒရှင်အချက်အလက်အပါအဝင် လုပ်ငန်းစဉ်အချို့ ရွေးကောက်ပွဲ လေ့လာသူများ စောင့်ကြည့်ခွင့်တွင် ပါဝင်ခြင်းမရှိမှုအပေါ်ဝေဖန်မှုများရှိနေ,https://news-eleven.com/article/182082,Real,Politics
319,UNA အဖွဲ့ဝင်ချင်း ရွေးကောက်ပွဲမဲဆန္ဒနယ်တူလျှင် အားသာချက်ရှိသည့်ပါတီ အနိုင်ရရေး ညှိနှိုင်းဆောင်ရွက်မည်,https://news-eleven.com/article/182054,Real,Politics
320,ကယန်းအမျိုးသားပါတီအနေဖြင့် အထွေထွေရွေးကောက်ပွဲတွင် ရှမ်းပြည်နယ် ကယန်းတိုင်းရင်းသားလူမျိုးရေးရာဝန်ကြီး နေရာအပါအဝင် ၁၀ နေရာခန့် ဝင်ရောက်ယှဉ်ပြိုင်မည်,https://news-eleven.com/article/182051,Real,Politics
321,AA အဖွဲ့၏ အကြမ်းဖက်လုပ်ရပ်များမှ ကာကွယ်တားဆီးရန် ရခိုင်နှင့် ချင်းပြည်နယ်ရှိ မြို့နယ်အချို့တွင် အင်တာနက် ယာယီဖြတ်တောက်ရဟု နိုင်ငံခြားရေးဝန်ကြီးဌာန ထုတ်ပြန်,https://news-eleven.com/article/181973,Real,Politics
322,ကရင်လူမျိုးများသာမက အခြားလူမျိုးများလည်း မိမိတို့ပါတီ၌ လာရောက်အရွေးခံနိုင်ကြောင်း ဧရာဝတီတိုင်းဒေသကြီး ကရင်ပြည်သူ့ပါတီဥက္ကဋ္ဌ ဖိတ်ခေါ်,https://news-eleven.com/article/181950,Real,Politics
323,ရခိုင်အမျိုးသားပါတီအနေဖြင့် ၂၀၂၀ အထွေထွေရွေးကောက်ပွဲတွင် အကြောင်းညီညွတ်ပါက ချင်းပြည်နယ် ပလက်ဝမြို့နယ်၌ ဝင်ရောက်ယှဉ်ပြိုင်ရန်ရှိကြောင်း ယင်းပါတီမှ ပြောရေးဆိုခွင့်ရှိသူ ပြောကြား,https://news-eleven.com/article/181949,Real,Politics
324,ရှမ်းပြည်နယ်တောင်ပိုင်း ဆီဆိုင်၊ ဟိုပုံးနှင့် လွိုင်လင်မြို့နယ်တို့တွင် လက်နက်ကိုင်ပဋိပက္ခများကြောင့် ၄၉ ရက်အတွင်း စစ်ဘေးရှောင်ဦးရေ ၈၉၀၀၀ ကျော် ရှိလာပြီး အရပ်သား ၄၉ ဦး သေဆုံးကာ ၆၀ ဒဏ်ရာရရှိ,https://news-eleven.com/article/289523,Real,Politics
325,မြန်မာနိုင်ငံတွင် ပဋိပက္ခနှင့်မလုံခြုံမှုများကြောင့် နေရပ်စွန့်ခွာထွက်ပြေးရသူ ၂ ဒသမ ၇ သန်းကျော်ရှိလာပြီး ၂၀၂၄ ခုနှစ်တွင် မြန်မာနိုင်ငံ၌ လူဦးရေ ၁၈ ဒသမ ၆ သန်းကျော် လူသားချင်းစာနာမှုဆိုင်ရာ အကူအညီများ လိုအပ်နေ,https://news-eleven.com/article/289241,Real,Politics
326,ပြည်သူ့စစ်မှုထမ်း နည်းဥပဒေ (တတိယမူကြမ်း) ကို ရေးဆွဲခဲ့ပြီးဖြစ်ကြောင်း ကာကွယ်ရေးဝန်ကြီး ပြောကြား,https://news-eleven.com/article/289233,Real,Politics
327,ကူမင်းမြို့တွင် ပြုလုပ်ခဲ့သည့် ငြိမ်းချမ်းရေးဆွေးနွေးပွဲ၌ ဆွေးနွေးသည့် အချက်အလက်များကို နှစ်ဦးနှစ်ဖက် ထုတ်ဖော်မပြောရန် သဘောတူထားပြီး နယ်စပ်ဂိတ်များ စီမံခန့်ခွဲမှု၊ ကုန်သွယ်မှုများသည် နှစ်နိုင်ငံအစိုးရများ၏ စီမံခန့်ခွဲမှုအောက်တွင်သာရှိမည်ဖြစ်ကြောင်း နစက ပြောရေးဆိုခွင့်ရှိသူ ပြောကြား,https://news-eleven.com/article/289203,Real,Politics
328,ရွမ္းျပည္နယ္ မည္သည့္ေနရာေဒသတြင္ ယူေရနီယံမ်ားထြက္သည္ကို မၾကားသိရဖူးေၾကာင္းႏွင့္ မည္သည့္ အေရာင္းအဝယ္ကိစၥကို မည္သူႏွင့္မွ် ေဆြးေႏြးမႈမျပဳခဲ့ဖူးေၾကာင္း RCSS ဥကၠ႒ ေျပာၾကား,https://news-eleven.com/article/288900,Real,Politics
329,အထွေထွေရွေးကောက်ပွဲတွင် မဲစာရင်းများ ပြည့်စုံမှန်ကန်စေရေး မဲဆန္ဒရှင်စာရင်းပြုစုရေးဆိုင်ရာ လုပ်ငန်းညှိနှိုင်းအစည်းအဝေး နေပြည်တော်တွင် ကျင်းပ,https://news-eleven.com/article/288529,Real,Politics
330,မြန်မာနိုင်ငံသို့ ခေတ္တပြန်လည်ခေါ်ယူထားသည့် သံအမတ်ကြီးများ၊ သံရုံးယာယီတာဝန်ခံများ၊ ကောင်စစ်ဝန်ချုပ်များအား ပြည်ထောင်စုဝန်ကြီးအချို့နှင့် ဒုတိယဝန်ကြီးအချို့ တွေ့ဆုံ၍ ပြည်ပရောက်မြန်မာလုပ်သားများ ကူညီစောင့်ရှောက်ပေးရေးအပါအဝင် နိုင်ငံတကာ ပူးပေါင်းဆောင်ရွက်မှုမြှင့်တင်ရေးဆိုင်ရာကိစ္စရပ်များ ဆွေးနွေး,https://news-eleven.com/article/288528,Real,Politics
331,ဧည့်စာရင်းမတိုင်သူများ၊ အိမ်ထောင်စုစာရင်းမဝင်သူများနှင့် အိမ်ထောင်စုစာရင်းမပြနိုင်သူများ တွေ့ရှိပါက ရဲစခန်းနှင့် သက်ဆိုင်ရာဌာနများက ခေါ်ယူစစ်ဆေးပြီး ဥပဒေနှင့် အရေးယူဆောင်ရွက်နေသကဲ့သို့ အကျိုးအကြောင်းဆီလျော်သူများကို ပြန်လည်စေလွှတ်ပေးကြောင်း နစက ပြောရေးဆိုခွင့်ရှိသူ ပြောကြား,https://news-eleven.com/article/288527,Real,Politics
332,ပြည်သူ့စစ်မှုထမ်းဥပဒေအရ နိုင်ငံတော်ကာကွယ်ရေးတာဝန်ထမ်းဆောင်မည့်သူများ သင်တန်းပြီးပါက မိမိရပ်ရွာဒေသရှိ လုံခြုံရေးဆိုင်ရာ တပ်ဖွဲ့များတွင်သာ အဓိက တာဝန်ထမ်းဆောင်စေရန် ရည်ရွယ်ထားကြောင်း နစက ပြောရေးဆိုခွင့်ရှိသူ ပြောကြား,https://news-eleven.com/article/288482,Real,Politics
333,NSPNC နှင့် မှတ်ပုံတင်ခွင့်ပြုပြီး နိုင်ငံရေးပါတီများ (၄၂)ပါတီမှ တာဝန်ရှိသူများ နေပြည်တော်တွင် တွေ့ဆုံ,https://news-eleven.com/article/288448,Real,Politics
334,မြန်မာ့အရေးနှင့်ပတ်သက်ပြီး အမေရိကန်နိုင်ငံခြားရေးဝန်ကြီးနှင့် ထိုင်းနိုင်ငံခြားရေးဝန်ကြီး တွေ့ဆုံဆွေးနွေးခဲ့ပြီး မြန်မာနိုင်ငံတွင် ဒီမိုကရေစီအရပ်သားအစိုးရထံ ပြန်သွားရေးလမ်းကြောင်းကို ဖော်ဆောင်ရန် နစကအား တိုက်တွန်း,https://news-eleven.com/article/288384,Real,Politics
335,ပြည်သူ့စစ်အဖွဲ့များ၊ ဒေသခံကာကွယ်ရေးအဖွဲ့များ ဖွဲ့စည်းပေးရေး တောင်းဆိုနေခြင်း​များကြောင့် ဥပဒေနှင့်ညီညွတ်ပြီး စနစ်ကျသည့် ပြည်သူ့စစ်မှုထမ်းဥပဒေကို ပြဋ္ဌာန်းရခြင်းဖြစ်ကြောင်း နစက ပြောရေးဆိုခွင့်ရှိသူ ပြောကြား,https://news-eleven.com/article/288353,Real,Politics
336,ရှမ်းပြည်နယ် အပါအဝင် တိုင်းရင်းသားဒေသများတွင် လက်နက်ကိုင်ပဋိပက္ခများ ဖော်ဆောင်နေခြင်းကြောင့် ဒေသတည်ငြိမ်အေးချမ်းရေး ပျက်ပြားလာသည့်အပြင် နိုင်ငံအတွက်ပါ အန္တရာယ်ရှိလာနိုင်ကြောင်း နစကဥက္ကဋ္ဌ ပြောကြား,https://news-eleven.com/article/288114,Real,Politics
337,ထိုင်းနိုင်ငံက ဦးဆောင်သော လူသားချင်း စာနာမှုဆိုင်ရာ အကူအညီ အစီအစဉ်သည်  မြန်မာနိုင်ငံရှိ ပဋိပက္ခဖြစ်ပွားနေသော အဖွဲ့များအကြား ဆွေးနွေးမှုများကို လမ်းပွင့်စေရန်ရည်ရွယ်သည်ဟု  ထိုင်း ဒုတိယနိုင်ငံခြားရေးဝန်ကြီး ပြောကြား,https://news-eleven.com/article/288113,Real,Politics
338,သိမ်မွေ့သော သံတမန်ရေးမှတစ်ဆင့် မြန်မာ့ငြိမ်းချမ်းရေးအတွက် အာဆီယံ၏ဘုံသဘောတူညီချက်ငါးရပ်ကို အကောင်အထည်ဖော်သွားမည်ဟု မြန်မာနိုင်ငံဆိုင်ရာ အာဆီယံအထူးကိုယ်စားလှယ်က လုံခြုံရေးကောင်စီအစည်းအဝေးတွင် ပြောကြား,https://news-eleven.com/article/288070,Real,Politics
339,လာမည့်ရွေးကောက်ပွဲသည် ၂၀၂၀ ပြည့်နှစ်တွင် အမည်ပျက်သိက္ခာကျခဲ့ရသော ရွေးကောက်ပွဲဂုဏ်သိက္ခာကို ပြန်လည်ဆယ်တင်ခြင်းနှင့် မဲဆန္ဒရှင်များနှင့် နိုင်ငံရေးပါတီများ၏ ယုံကြည်မှုကို ပြန်လည်ရယူရမည့် သမိုင်းတင်ရွေးကောက်ပွဲဖြစ်ကြောင်း UEC ဥက္ကဋ္ဌ ပြောကြား,https://news-eleven.com/article/288069,Real,Politics
340,အွန်လိုင်းလိမ်လည်မှုလုပ်နေသူများကို EAO အဖွဲ့များက အကာအကွယ်ပေးထားပြီး  လက်နက်အားကိုးဖြင့်သာ လုပ်ရဲခြင်းဖြစ်သဖြင့် လက်နက်ကိုင်လမ်းစဉ်ချုပ်ငြိမ်းအောင်  ဆောင်ရွက်ရမည်ဖြစ်ကြောင်း တပ်မတော်ကာကွယ်ရေးဦးစီးချုပ် ပြောကြား,https://news-eleven.com/article/287846,Real,Politics
341,နိုင်ငံတော်တွင် ဖြစ်ပေါ်နေသည့် အခြေအနေများအရ  နိုင်ငံတစ်ဝန်းလုံး အရေးပေါ် အခြေအနေ ကြေညာထားသည့် ကာလကို ၆ လ တိုးမြှင့်သတ်မှတ်,https://news-eleven.com/article/287787,Real,Politics
342,■  နယ်စပ်ကုန်သွယ်ရေးမှ သွင်းကုန်တင်သွင်းသူများအနေဖြင့် ပို့ကုန်ရငွေရှိပါက သွင်းကုန်လိုင်စင်ခွင့်ပြုနေကြောင်းနှင့် ရနောင်းဆိပ်ကမ်းမှ ပြည်တွင်းသို့တင်သွင်းမည့်ကုမ္ပဏီများကို ဦးစားပေး ခွင့်ပြုပေးနေကြောင်း သိရ,https://news-eleven.com/article/305407,Real,Business
343,■ ယာယီတင်သွင်းခွင့်မပြုသည့်ပစ္စည်း ၃၅ မျိုးနှင့်ပတ်သက်၍ လူမှုကွန်ရက်တွင် ပျံ့နှံ့လျက်ရှိသော ညွှန်ကြားစာသည် ၂၀၂၂ ခုနှစ်က ထုတ်ထားခြင်းဖြစ်ပြီး လတ်တလောတွင် အကျုံးဝင်မှုရှိ၊ မရှိ မသိရသေး,https://news-eleven.com/article/305277,Real,Business
344,၂၀၁၆ ခုနှစ်မှ ၂၀၂၀ ပြည့်နှစ်အထိ ပို့ကုန်တင်ပို့ခဲ့ပြီး ပို့ကုန်ရငွေပြန်လည်ဝင်ရောက်ရန် ကျန်ရှိသည့်ကုမ္ပဏီ ၁၉၇ ခုနှင့် ကုမ္ပဏီ၏ ဒါရိုက်တာအဖွဲ့ဝင်များအား အမည်မည်းစာရင်း ကြေညာ,https://news-eleven.com/article/304033,Real,Business
345,စက်တင်ဘာ ၁၃ ရက်တွင် ကမ္ဘာ့ရွှေစျေး တစ်အောင်စလျှင် ၁၉၁၂ ဒေါ်လာ ဝန်းကျင်ရှိပြီး ရန်ကုန်ရွှေအသင်းက တစ်ကျပ်သားလျှင် ကျပ် ၂၂၅၂၅၀၀ ဝန်းကျင် သတ်မှတ်ခဲ့,https://news-eleven.com/article/253582,Real,Business
346,ဗဟိုဘဏ်က နိုင်ငံခြားငွေလဲနှုန်း တစ်ဒေါ်လာ ကျပ် ၂၁၀၀ သတ်မှတ်ထားပြီး ပြင်ပစျေးကွက်တွင် တစ်ဒေါ်လာ ကျပ် ၃၅၀၀ ဝန်းကျင်ရှိနေ,https://news-eleven.com/article/253583,Real,Business
347,၂၀၂၃-၂၀၂၃ ဘဏ္ဍာနှစ် သြဂုတ်လကုန်အထိ နိုင်ငံခြားရင်းနှီးမြှုပ်နှံမှု ဒေါ်လာ ၄၈၄ သန်းကျော် ဝင်ရောက်ခဲ့ပြီး တစ်လအတွင်း နိုင်ငံခြားရင်းနှီးမြှုပ်နှံမှု ဒေါ်လာ ၁၆ သန်းကျော် ဝင်ရောက်ခဲ့ခြင်းဖြစ်,https://news-eleven.com/article/253530,Real,Business
348,စက်တင်ဘာ ၇ ရက်တွင် ကမ္ဘာ့ရွှေစျေး တစ်အောင်စလျှင် ၁၉၁၈ ဒေါ်လာဝန်းကျင်ရှိပြီး ရန်ကုန်ရွှေအသင်းက တစ်ကျပ်သားလျှင် ကျပ် ၂၂၅၉၆၀၀ ဝန်းကျင်သတ်မှတ်,https://news-eleven.com/article/253295,Real,Business
349,ဗဟိုဘဏ်က နိုင်ငံခြားငွေလဲနှုန်း တစ်ဒေါ်လာ ကျပ် ၂၁၀၀ သတ်မှတ်ထားပြီး ပြင်ပစျေးကွက်တွင် တစ်ဒေါ်လာ ကျပ် ၃၅၀၀ ဝန်းကျင်ရှိနေဟု သိရ,https://news-eleven.com/article/253294,Real,Business
350,၂၀၂၃ ခုနှစ် သြဂုတ်လအတွင်း ရန်ကုန်စတော့အိတ်ချိန်းတွင် စာရင်းဝင်ကုမ္ပဏီ ရှစ်ခုက စတော့ရှယ်ယာစောင်ရေ  ၅၀၉၈၂၇ နှင့် စတော့ရှယ်ယာတန်ဖိုး ကျပ် ၁ ဒသမ ၃ ဘီလျံ အရောင်းအဝယ်ဖြစ်မြောက်ခဲ့,https://news-eleven.com/article/253257,Real,Business
351,အင်ဒိုနီးရှားနှင့် မြန်မာစီးပွားရေးလုပ်ငန်းများ ပူးပေါင်းဆောင်ရွက်မှုမြှင့်တင်ရေး နားလည်မှုစာချွန်လွှာလက်မှတ်ရေးထိုး,https://news-eleven.com/article/253228,Real,Business
352,စားသုံးဆီလက်ကားကုန်သည်များ၊ အရောင်းဆိုင်များက ရည်ညွှန်းစျေးအပေါ် အမြတ် ၁၀ ရာခိုင်နှုန်းထက် ကျော်လွန်ရောင်းချခြင်းမပြုရန်နှင့် လက်ကားစျေးဖြင့် ဝယ်ယူရရှိခြင်းမရှိပါက တိုင်ကြားနိုင်,https://news-eleven.com/article/253212,Real,Business
353,MAI က ရုရှားသို့ တိုက်ရိုက်ပျံသန်းသည့် ခရီးစဉ်သစ်အဖြစ် ရန်ကုန်-မန္တလေး-နိုဗိုစီဗစ် လေကြောင်းခရီးစဉ်သစ် စတင်ပျံသန်း,https://news-eleven.com/article/253194,Real,Business
354,စက်တင်ဘာ ၄ ရက်တွင် ကမ္ဘာ့ရွှေစျေး တစ်အောင်စလျှင် ၁၉၄၄ ဒေါ်လာဝန်းကျင်ရှိပြီး ရန်ကုန်ရွှေအသင်းက တစ်ကျပ်သားလျှင် ကျပ် ၂၂၉၀၂၀၀ ဝန်းကျင်သတ်မှတ်,https://news-eleven.com/article/253163,Real,Business
355,ဗဟိုဘဏ်က နိုင်ငံခြားငွေလဲနှုန်း တစ်ဒေါ်လာ ကျပ် ၂၁၀၀ သတ်မှတ်ထားပြီး ပြင်ပစျေးကွက်တွင် တစ်ဒေါ်လာ ကျပ် ၃၆၀၀ ဝန်းကျင်ရှိနေဟု သိရ,https://news-eleven.com/article/253162,Real,Business
356,လုပ်ငန်းရှင်များအား ခေါ်ယူတွေ့ဆုံ၍ ဖြစ်သင့်ဖြစ်ထိုက်သည့် စျေးနှုန်းများဖြင့် ရောင်းချရေး သတိပေးခဲ့ပြီးဖြစ်ကြောင်းနှင့် ရက်ပိုင်းအတွင်း စားအုန်းဆီစျေးနှုန်းများ သိသာစွာကျဆင်းမည်ဖြစ်ကြောင်း သိရ,https://news-eleven.com/article/252975,Real,Business
357,ဗဟိုဘဏ်က နိုင်ငံခြားငွေလဲနှုန်း တစ်ဒေါ်လာ ကျပ် ၂၁၀၀ စျေးသတ်မှတ်ထားပြီး ပြင်ပစျေးကွက်တွင် တစ်ဒေါ်လာ ကျပ် ၃၆၉၀ ဝန်းကျင်ရှိနေဟု သိရ,https://news-eleven.com/article/252964,Real,Business
358,သြဂုတ် ၃၁ ရက်တွင် ရန်ကုန်ရွှေအသင်းက ရည်ညွှန်းစျေး တစ်ကျပ်သားလျှင် ကျပ် ၂၂၉၁၄၀၀ သတ်မှတ်,https://news-eleven.com/article/252965,Real,Business
359,ပြည်တွင်းလိုအပ်ချက် ဖြည့်ဆည်းပေးသည့်လုပ်ငန်းများ၊ သွင်းကုန်အစားထိုးနိုင်သည့်လုပ်ငန်းများနှင့် ပြည်ပသို့ တင်ပို့ရောင်းချနိုင်မည့် MSME လုပ်ငန်းများ ချေးငွေလျှောက်ထားနိုင်ကြောင်း ကြေညာ,https://news-eleven.com/article/252880,Real,Business
360,စားအုန်းဆီလက်ကျန်များကို လက်ကားရည်ညွှန်းစျေးအပေါ်တွင် အထွေထွေကုန်ကျစရိတ်များနှင့် အသားတင်အမြတ် နှစ်ရာခိုင်နှုန်းထက် မပိုသောစျေးဖြင့် ရောင်းချနိုင်ရေးဆောင်ရွက်,https://news-eleven.com/article/252881,Real,Business
361,သြဂုတ် ၂၈ ရက်တွင် ကမ္ဘာ့ရွှေစျေး တစ်အောင်စလျှင် ၁၉၁၆ ဒေါ်လာဝန်းကျင်ရှိပြီး ရန်ကုန်ရွှေအသင်းက တစ်ကျပ်သားလျှင် ကျပ် ၂၂၅၇၃၀၀ ဝန်းကျင်သတ်မှတ်,https://news-eleven.com/article/252837,Real,Business
362,ဗဟိုဘဏ်က နိုင်ငံခြားငွေလဲနှုန်း တစ်ဒေါ်လာ ကျပ် ၂၁၀၀ သတ်မှတ်ထားပြီး ပြင်ပစျေးကွက်တွင် တစ်ဒေါ်လာ ကျပ် ၃၈၀၀ ဝန်းကျင်ရှိနေဟု သိရ,https://news-eleven.com/article/252836,Real,Business
363,မြန်မာနိုင်ငံတွင် ကျန်းမာရေးစောင့်ရှောက်မှုများဆောင်ရွက်နေသည့် Harmony Health Hub (HHH) ကုမ္ပဏီက အိန္ဒိယနိုင်ငံ Apollo Hospitals မှ အသည်းနှင့် ဦးနှောက်အာရုံကြော ခွဲစိတ်အထူးကုဆရာဝန်ကြီးများအား ဖိတ်ကြား၍ ကျန်းမာရေးအသိပညာ ဟောပြောပွဲပြုလုပ်,https://news-eleven.com/article/300971,Real,Business
364,ကိုဗစ်-၁၉ ရန်ပုံငွေမှ ၂၀၂၄ ခုနှစ် ဒီဇင်ဘာလအထိ အတိုး၊ အရင်းလုံးဝမပေးဆပ်သည့် ကုမ္ပဏီ/လုပ်ငန်း ၄၈၆ ခုအား ကုမ္ပဏီ/လုပ်ငန်းအမည်၊ နေရပ်လိပ်စာအပြည့်အစုံတို့ဖြင့် သတင်းစာတွင် ကြေညာမည်,https://news-eleven.com/article/300568,Real,Business
365,မြန်မာနိုင်ငံတော်ဗဟိုဘဏ်အနေဖြင့် နိုင်ငံခြားငွေကြေးဈေးကွက်အတွင်း ဒေါ်လာ ၂၁ သန်းကျော်နှင့် ဘတ် ငါးသိန်း ထပ်မံထုတ်ရောင်း,https://news-eleven.com/article/300223,Real,Business
366,တင်ပို့၊ တင်သွင်း ကုန်ပစ္စည်းများအပေါ် ဈေးကွက်ငွေလဲနှုန်းဖြင့် အခွန်ကောက်ခံမည့်အမိန့်အား ပယ်ဖျက်လိုက်ပြီး ရည်ညွှန်းငွေလဲနှုန်း တစ်ဒေါ်လာကျပ် ၂၁၀၀ ကို အခြေခံသည့်အပတ်စဉ် နိုင်ငံခြားငွေလဲနှုန်းဖြင့် အခွန်ပြောင်းလဲကောက်ခံမည်,https://news-eleven.com/article/299708,Real,Business
367,နိုင်ငံတကာဈေးကွက်အတွင်း ဆန်ဈေးကျဆင်းမှုနှင့်အတူ ပြည်ပသို့တင်ပို့နေသည့် ဧည့်မထဆန်ဈေး ကျဆင်းနေသဖြင့် ဧည့်မထစိုက်ပျိုးသည့် တောင်သူများ အဆင်ပြေစေရေး ထိန်းပြီးဝယ်ယူပေးရန် ကုမ္ပဏီများ၊ ဆန်စက်လုပ်ငန်းရှင်များကို ဆန်စပါးအသင်းဥက္ကဋ္ဌ ပြောကြား,https://news-eleven.com/article/299617,Real,Business
368,မြန်မာနိုင်ငံတော်ဗဟိုဘဏ်က ဇန်နဝါရီ ၂၀ ရက်တွင် ဘတ် ၁ ဒသမ ၉ သန်းကျော် ထပ်မံထုတ်ရောင်း,https://news-eleven.com/article/299531,Real,Business
369,မြန်မာနိုင်ငံတော်ဗဟိုဘဏ်က ၂၀၂၅ ခုနှစ် နှစ်အစတွင် ဒေါ်လာ၂၅ သန်း၊ ယွမ်ခြောက်သိန်းကျော်နှင့် ဘတ် ၂ ဒသမ ၄ သန်းကျော် ထုတ်ရောင်း,https://news-eleven.com/article/298936,Real,Business
370,တစ်ဒေါ်လာ ကျပ် ၇၀၀၀ ကျော်အထိ စံချိန်တင်မြင့်တက်ခဲ့ခြင်းနှင့် ဗဟိုဘဏ်က နိုင်ငံခြားငွေများ ဆက်တိုက်ထုတ်ရောင်းခြင်း,https://news-eleven.com/article/298880,Real,Business
371,အေထြေထြစရိတ္စကမ်ား ျမင့္တက္မႈႏွင့္အတူ ၂၇ ရာခိုင္ႏႈန္းေက်ာ္အထိ ရွိလာခဲ့သည့္ ေငြေၾကးေဖာင္းပြမႈ,https://news-eleven.com/article/298879,Real,Business
372,ပဋိပက္ခများအကြား ဆက်လက်ကျဆင်းနေဆဲ မြန်မာ့စီးပွားရေး,https://news-eleven.com/article/298877,Real,Business
373,နိုင်ငံခြားကုမ္ပဏီများအား အသား၊ ငါးနှင့် ရေထွက်ကုန်များ၊ ကောက်ပဲသီးနှံများ၊ သစ်အခြေခံပရိဘောဂပစ္စည်း စသည့်ကုန်ပစ္စည်းရှစ်မျိုးကို ပြည်တွင်းတွင် ထုတ်လုပ်ကာ ပြည်ပတင်ပို့ခွင့်ပြုကြောင်း စီးပွား/ကူးသန်း ကြေညာ,https://news-eleven.com/article/298724,Real,Business
374,ပြည်တွင်း၌ ဆန်ပြတ်လပ်မှုမရှိနိုင်ကြောင်းနှင့် အရန်ဆန်အိတ်ရေ ရှစ်သိန်းရှိသဖြင့် ပြည်သူများ လိုအပ်ချက်ရှိပါက ဆန်များ ထုတ်ရောင်းပေးလျက်ရှိကြောင်း MRF ဥက္ကဋ္ဌ ပြောကြား,https://news-eleven.com/article/297856,Real,Business
375,မြန်မာနိုင်ငံတော်ဗဟိုဘဏ်အနေဖြင့် ၁၅ ရက်အတွင်း ဒေါ်လာ ၁၅ သန်းကျော်၊ ယွမ် ၁၂ သန်းကျော်နှင့်  ဘတ် ၁၇၃ သန်းကျော် ထုတ်ရောင်း,https://news-eleven.com/article/297506,Real,Business
376,ရွှေရောင်းဝယ်ခြင်းဆောင်ရွက်ရန်အတွက် လုပ်ငန်းလိုင်စင်လျှောက်ထားရယူရန်နှင့် သတ်မှတ်ထားသည့် စည်းကမ်းချက်များကို လိုက်နာခြင်းမရှိပါက ဥပဒေနှင့်အညီ အရေးယူခြင်းခံရမည်,https://news-eleven.com/article/296973,Real,Business
377,ဗဟိုဘဏ်က နိုင်ငံခြားငွေကြေးဈေးကွက် (FX Trading Platform) တွင် သွင်းကုန်လုပ်ငန်းရှင်များအား ယွမ်ငါးသန်းနှင့် ဘတ် ၂၅ သန်း ရောင်းချမည်,https://news-eleven.com/article/296905,Real,Business
378,တစ်လအတွင်း ထိုင်းနိုင်ငံမှ တန်ဖိုးဒေါ်လာ သုည ဒသမ ၂၈ သန်းကျော်ရှိသည့် ဆေးဝါးပစ္စည်းများ တန်ချိန် ၂၀ ကျော် တင်သွင်း,https://news-eleven.com/article/296552,Real,Business
379,ဗဟိုဘဏ်က စက်တင်ဘာ ၃၀ ရက်တွင် နိုင်ငံခြားငွေကြေးဈေးကွက်အတွင်း တစ်ဒေါ်လာ ၃၅၂၉  ကျပ်ဖြင့် ၁၃ ဒသမ ၁၆ သန်းကျော်နှင့် ယွမ် ၁ ဒသမ ၈ သန်းကျော် ထုတ်ရောင်း,https://news-eleven.com/article/296089,Real,Business
380,ဗဟိုဘဏ်က စက်တင်ဘာ ၂၅ ရက်တွင် တစ်ဒေါ်လာ ၃၅၂၄ ကျပ်ဖြင့် ဒေါ်လာ ၁၃ သန်းနီးပါးနှင့် ယွမ် ခုနစ်သိန်း ထပ်မံထုတ်ရောင်း,https://news-eleven.com/article/295941,Real,Business
381,မတ် ၈ ရက်က ပြင်ပစျေးကွက်အတွင်း အခေါက်ရွှေတစ်ကျပ်သားလျှင် ကျပ် သိန်း ၄၀ ဝန်းကျင်ရှိနေ,https://news-eleven.com/article/289380,Real,Business
382,ပြည်ပသို့ ထွက်ခွာမည့်သူများအတွက် အသေးသုံးနိုင်ငံခြားငွေ ငွေသားများကို ရန်ကုန်၊ မန္တလေး၊ နေပြည်တော်နှင့် တောင်ကြီးမြို့တို့ရှိ KBZ၊ AYA နှင့် UAB ဘဏ် ဘဏ်ခွဲများတွင် အထူးအစီအစဉ်ဖြင့် ရောင်းချပေးလျက်ရှိ,https://news-eleven.com/article/289242,Real,Business
383,ပို့ကုန်လိုင်စင်လျှောက်ထားမှုတွင် ပို့ကုန်လိုင်စင်/ပါမစ်များ၏သက်တမ်းကို နှစ်လအဖြစ် ပြင်ဆင်သတ်မှတ်မည်ဖြစ်ကြောင်း စီးပွား/ကူးသန်း အသိပေး,https://news-eleven.com/article/289141,Real,Business
384,ပြည်ပမှ စက်သုံးဆီတင်သင်္ဘောများ သီလဝါဆိပ်ကမ်းသို့ ပုံမှန်ဝင်ရောက်လျက်ရှိသဖြင့် စက်သုံးဆီပြတ်လပ်မည်ကို စိုးရိမ်ရန် မလိုအပ်ဘဲ ပုံမှန်သုံးစွဲမှုအတိုင်း ဝယ်ယူနိုင်ကြောင်း ထုတ်ပြန်,https://news-eleven.com/article/289107,Real,Business
385,မတ် ၁ ရက်က ပြင်ပစျေးကွက်အတွင်း အခေါက်ရွှေတစ်ကျပ်သားလျှင် ကျပ် ၃၉၃၅၀၀၀ ဝန်းကျင်ရှိနေ,https://news-eleven.com/article/289104,Real,Business
386,ဖေဖော်ဝါရီ ၁၉ ရက်က ပြင်ပစျေးကွက်အတွင်း အခေါက်ရွှေတစ်ကျပ်သားလျှင် ကျပ် ၃၈၉၈၀၀၀ ဝန်းကျင်ရှိနေ,https://news-eleven.com/article/288651,Real,Business
387,နိုင်ငံခြားငွေကြေးစျေးကွက်တွင် ဒေါ်လာ ရှစ်သန်းနှင့် ထိုင်းဘတ်သန်း ၂၀၀ ဗဟိုဘဏ်က ထပ်မံထုတ်ရောင်းလိုက်ပြီး ၁၉ ရက်အတွင်း ဒေါ်လာ ၅၉ သန်းကျော်နှင့် ဘတ်သန်း ၆၅၀ ကျော်အထိ ရောင်းချ,https://news-eleven.com/article/288650,Real,Business
388,လက်ရှိဘဏ္ဍာနှစ် ရှစ်လအတွင်း မြန်မာနိုင်ငံကို တင်သွင်းသည့် အဓိကကုန်ပစ္စည်း ၁၁ မျိုးအနက် ဓာတ်မြေသြဇာတန်ချိန် ၁ ဒသမ ၁၈၈ သန်းကျော် တင်သွင်းခဲ့ပြီး ယခင်နှစ်ထက် ၅၂ ရာခိုင်နှုန်းကျော် ပိုမိုတင်သွင်း,https://news-eleven.com/article/288569,Real,Business
389,ကာကွယ်ရေးဝန်ကြီးဌာန ပြည်ထောင်စုဝန်ကြီး ဥက္ကဋ္ဌအဖြစ် တာဝန်ယူမည့် ပြည်သူ့စစ်မှုထမ်းဆင့်ခေါ်ရေးဗဟို အဖွဲ့စည်းလိုက်ကြောင်း အမိန့်ကြော်ငြာစာ ထုတ်ပြန်,https://news-eleven.com/article/288383,Real,Business
390,အပြည်ပြည်ဆိုင်ရာမြန်မာလေကြောင်းလိုင်း(MAI)က ပြည်ထောင်စုနေ့ ဂုဏ်ပြုအထိမ်းအမှတ် ဂေါက်သီးရိုက် ပြိုင်ပွဲအား ဒုတိယအကြိမ်အဖြစ် Dagon City Golf Resort တွင် ကျင်းပ,https://news-eleven.com/article/288365,Real,Business
391,၁၉၉၄ ခုနှစ်မှ ၂၀၂၃ ခုနှစ် ဒီဇင်ဘာလကုန်အထိ အိမ်ခြံမြေဖွံ့ဖြိုးတိုးတက်ရေးကဏ္ဍတွင် နိုင်ငံသားရင်းနှီးမြှုပ်နှံမှု ကျပ် ၄၈၉၆ ဘီလျံကျော်ရှိ,https://news-eleven.com/article/288080,Real,Business
392,နိုင်ငံခြားငွေကြေးစျေးကွက်တွင် ဒေါ်လာ ၁၁ သန်းနှင့် ထိုင်းဘတ်သန်း ၂၀၀ အထိ ဗဟိုဘဏ်က ထပ်မံထုတ်ရောင်း,https://news-eleven.com/article/288031,Real,Business
393,၂၀၂၃-၂၀၂၄ ဘဏ္ဍာနှစ် ဧပြီမှ ဇန်နဝါရီလကုန်အထိ ပြည်ပသို့ ဆန်တန်ချိန် တစ်သန်းဝန်းကျင် တင်ပို့ထားပြီး ယခင်နှစ်တင်ပို့မှုထက် ငါးသိန်းခန့် လျော့ကျ,https://news-eleven.com/article/287948,Real,Business
394,ပို့ကုန်သွင်းကုန်လုပ်ငန်းရှင်များအား Online Trading Platform မှတစ်ဆင့် ဒေါ်လာငါးသန်းနှင့် ထိုင်းဘတ်သန်း ၅၀ ဗဟိုဘဏ်က ထုတ်ရောင်းခဲ့,https://news-eleven.com/article/287914,Real,Business
395,ပြည်တွင်းဆန်စျေးနှုန်း မြင့်တက်မှုအပေါ် ထိန်းညှိနိုင်ရန် ဆန်ပြည်ပတင်ပို့မှုကို လျှော့ချကာ ဆန်ကွဲနှင့် ပေါင်းဆန်ကိုသာ ဦးစားပေးတင်ပို့ရန် စီစဉ်,https://news-eleven.com/article/287894,Real,Business
396,ဇန်နဝါရီ ၂၉ ရက်က ပြင်ပစျေးကွက်အတွင်း အခေါက်ရွှေတစ်ကျပ်သားလျှင် ကျပ် ၃၈၇၀၀၀၀  ဝန်းကျင်ရှိနေ,https://news-eleven.com/article/287718,Real,Business
397,၂၀၂၃-၂၀၂၄ ဘဏ္ဍာနှစ် ကိုးလအတွင်း ကဏ္ဍအလိုက် နိုင်ငံခြားရင်းနှီးမြှုပ်နှံမှု ဝင်ရောက်မှုအနေဖြင့် စွမ်းအင်ကဏ္ဍတွင် ဒေါ်လာ ၃၇၄ သန်းကျော်ဖြင့် အများဆုံးဖြစ်,https://news-eleven.com/article/287609,Real,Business
398,ဇန်နဝါရီ ၂၆ ရက်က ပြင်ပစျေးကွက်အတွင်း အခေါက်ရွှေတစ်ကျပ်သားလျှင် ကျပ် ၃၈၅၅၀၀၀ ဝန်းကျင်ရှိနေ,https://news-eleven.com/article/287588,Real,Business
399,ဗဟိုဘဏ်က နိုင်ငံခြားငွေလဲနှုန်း တစ်ဒေါ်လာ ကျပ် ၂၁၀၀ စျေးသတ်မှတ်ထားပြီး ပြင်ပစျေးကွက်တွင် တစ်ဒေါ်လာ ကျပ်  ၃၃၂၀ ဝန်းကျင်ရှိနေဟု သိရ,https://news-eleven.com/article/254580,Real,Business
400,အောက်တိုဘာ ၃ ရက်တွင် ရန်ကုန်ရွှေအသင်းက ရည်ညွှန်းစျေး တစ်ကျပ်သားလျှင် ကျပ် ၂၁၄၈၉၀၀ သတ်မှတ်,https://news-eleven.com/article/254579,Real,Business
401,စက်တင်ဘာ ၂၉ ရက်တွင် ကမ္ဘာ့ရွှေစျေး တစ်အောင်စလျှင် ၁၈၇၃ ဒေါ်လာဝန်းကျင်ရှိပြီး ရန်ကုန်ရွှေအသင်းက တစ်ကျပ်သားလျှင် ကျပ် ၂၂၀၆၆၀၀ ဝန်းကျင် စျေးသတ်မှတ်ခဲ့,https://news-eleven.com/article/254384,Real,Business
402,ဗဟိုဘဏ်က နိုင်ငံခြားငွေလဲနှုန်း တစ်ဒေါ်လာ ကျပ် ၂၁၀၀ သတ်မှတ် ထားပြီး ပြင်ပစျေးကွက်တွင် တစ်ဒေါ်လာ ကျပ် ၃၃၀၀ ဝန်းကျင်ရှိနေ,https://news-eleven.com/article/254383,Real,Business
403,စက်တင်ဘာ ၂၈ ရက်တွင် ရန်ကုန်ရွှေအသင်းက ရည်ညွှန်းစျေး တစ်ကျပ်သားလျှင် ကျပ် ၂၂၁၀၁၀၀ သတ်မှတ်,https://news-eleven.com/article/254341,Real,Business
404,ဗဟိုဘဏ်က နိုင်ငံခြားငွေလဲနှုန်း တစ်ဒေါ်လာ ကျပ် ၂၁၀၀ သတ်မှတ်ထားပြီး ပြင်ပစျေးကွက်တွင် တစ်ဒေါ်လာ ကျပ် ၃၃၀၀ ဝန်းကျင်ရှိနေဟု သိရ,https://news-eleven.com/article/254340,Real,Business
405,လူနာများထံမှ ဝင်ငွေခွန်နှစ်ရာခိုင်နှုန်း ထပ်ဆောင်းကောက်ခံခြင်းမပြုရန် ပြည်တွင်းအခွန်အသိပေး,https://news-eleven.com/article/254220,Real,Business
406,ဗဟိုဘဏ်က နိုင်ငံခြားငွေလဲနှုန်း တစ်ဒေါ်လာ ကျပ် ၂၁၀၀ သတ်မှတ်ထားပြီး ပြင်ပစျေးကွက်တွင် တစ်ဒေါ်လာ ကျပ် ၃၄၀၀ ဝန်းကျင်ရှိနေ,https://news-eleven.com/article/254172,Real,Business
407,စက်တင်ဘာ ၂၅ ရက်တွင် ကမ္ဘာ့ရွှေစျေး တစ်အောင်စလျှင် ၁၉၂၃ ဒေါ်လာ ဝန်းကျင်ရှိပြီး ရန်ကုန်ရွှေအသင်းက တစ်ကျပ်သားလျှင် ကျပ် ၂၂၆၅၅၀၀ ဝန်းကျင် စျေးသတ်မှတ်ခဲ့,https://news-eleven.com/article/254176,Real,Business
408,ဗဟိုဘဏ်က နိုင်ငံခြားငွေလဲနှုန်း တစ်ဒေါ်လာ ကျပ် ၂၁၀၀ သတ်မှတ်ထားပြီး ပြင်ပစျေးကွက်တွင် တစ်ဒေါ်လာ ကျပ် ၃၅၀၀ ဝန်းကျင်ရှိနေဟု သိရ,https://news-eleven.com/article/254053,Real,Business
409,စက်တင်ဘာ ၂၂ ရက်တွင် ကမ္ဘာ့ရွှေစျေး တစ်အောင်စလျှင် ၁၉၂၇ ဒေါ်လာဝန်းကျင်ရှိပြီး ရန်ကုန်ရွှေအသင်းက တစ်ကျပ်သားလျှင် ကျပ် ၂၂၇၀၂၀၀ ဝန်းကျင်သတ်မှတ်,https://news-eleven.com/article/254052,Real,Business
410,၂၀၂၃ ခုနှစ် သြဂုတ်လအတွင်း ပင်လယ်ရေကြောင်းကုန်သွယ်မှုမှတစ်ဆင့် ပြည်ပသို့ ဆန်တန်ချိန် ၃၁၃၅၀ ကျော်တင်ပို့ခဲ့ပြီး အီးယူအဖွဲ့ဝင်နိုင်ငံများသို့ ဆန်တန်ချိန် ၁၂၆၂၀ ကျော်ဖြင့် အများဆုံးဖြစ်,https://news-eleven.com/article/253882,Real,Business
411,BRI ညီလာခံတွင် မြန်မာနိုင်ငံမှ တရုတ်နိုင်ငံသို့ ရေထွက်ကုန်ပစ္စည်းများနှင့် မွေးမြူရေးရေထွက်ကုန်ပစ္စည်းတင်ပို့ရေး သဘောတူစာချုပ်ချုပ်ဆို,https://news-eleven.com/article/253855,Real,Business
412,အပြည်ပြည်ဆိုင်ရာမြန်မာလေကြောင်းလိုင်း (MAI)က ရန်ကုန်-ဗုဒ္ဓဂယာ ခရီးစဉ်ကို လာမည့်အောက်တိုဘာ ၁၄ ရက်မှ စ၍ အပတ်စဉ်ပျံသန်းမည်,https://news-eleven.com/article/253837,Real,Business
413,မြန်မာအမျိုးသားလေကြောင်းလိုင်းက ရန်ကုန်အခြေပြု၍ တရုတ်ပြည်သူ့သမ္မတနိုင်ငံအတွင်းရှိ မြို့များနှင့် ကွာလာလမ်ပူ၊ စင်ကာပူ၊ ဟောင်ကောင်နှင့် အိန္ဒိယနိုင်ငံတို့သို့ ကုန်ပစ္စည်းသယ်ယူပို့ဆောင်ရေး လေကြောင်းခရီးစဉ်ပျံသန်းမည်,https://news-eleven.com/article/253836,Real,Business
414,အပြည်ပြည်ဆိုင်ရာမြန်မာလေကြောင်းလိုင်း (MAI) က My Indo လေကြောင်းလိုင်းနှင့်ပူးပေါင်း၍ လေကြောင်းကုန်စည် သယ်ယူပို့ဆောင်ရေးကဏ္ဍဆောင်ရွက်ရန် Boeing 737 ကုန်တင်လေယာဉ်ဖြင့် ခရီးစဉ်ပျံသန်းမည်,https://news-eleven.com/article/253699,Real,Business
415,မြန်မာအမျိုးသားလေကြောင်းလိုင်း၏ ကုန်ပစ္စည်းသယ်ယူပို့ဆောင်ရေး လေကြောင်းခရီးစဉ်များတွင် အသုံးပြုရန် Boeing 737-400 Cargo လေယာဉ် ရန်ကုန်အပြည်ပြည်ဆိုင်ရာလေဆိပ်သို့  ရောက်ရှိ,https://news-eleven.com/article/253697,Real,Business
416,BRI ညီလာခံတွင် မြန်မာ့ရေပြင်မှဖမ်းဆီးရရှိသည့် ရေထွက်ကုန်နှင့် မွေးမြူရေးရေထွက်ကုန် ပစ္စည်းများ တရုတ်နိုင်ငံသို့ တင်ပို့ရေးဆိုင်ရာ သဘောတူစာချုပ်ချုပ်ဆိုမည်,https://news-eleven.com/article/253633,Real,Business
417,အမ်းမြို့နယ်အုပ်ချုပ်ရေးမှူး အငြိမ်းစား ဗိုလ်ကြီး အောင်ပြည့်စုံစိုး သေဆုံးမှု မိသားစုထံသို့ ၈ လကြာမှ စစ်တပ်က အသိပေး အကြောင်းကြား,https://yktnews.com/2025/08/225606/,Real,General
418,ရေနံချောင်းမြို့နယ်၊ လေးတိုင်စင်ရွာ မူကြိုကျောင်းနှင့် ဆေးခန်းကို စစ်တပ်က တိုက်ပွဲဖြစ်ပွားခြင်းမရှိဘဲ လေယာဉ်ဖြင့် ဗုံးကျဲမှု ပြည်သူ ၂ ဦး ထိခိုက်ဒဏ်ရာရ,https://yktnews.com/2025/08/225605/,Real,General
419,မြင်းခြံမြို့နယ်၊ ဆုံရွာမှ ထွက်လာသော စစ်တပ်စစ်ကြောင်းကို တိုက်ခိုက်မှု စစ်သား ၁၀ ဦး ကျော်သေဆုံးပြီး လက်နက် ၄ လက်နှင့်ခဲယမ်းများ သိမ်းဆည်းရရှိ,https://yktnews.com/2025/08/225604/,Real,General
420,မင်းအောင်လှိုင်က မြန်မာနိုင်ငံတွင်း အခြေအနေများ ထိမ်းသိမ်းနိုင်ခြင်းမရှိတော့လျှင် တရုတ်စစ်တပ်က ဝင်ရောက်ကျုးကျော်ရနိုင်သည်ဟု တရုတ်အစိုးရပိုင် မီဒီယာတစ်ခုက ခြိမ်းခြောက်,https://yktnews.com/2024/05/162688/,Real,General
421,မဟာဗျူဟာ စီမံကိန်းကြီးများအတွက် ဒေသတည်ငြိမ်ရေးခေါင်းစဥ်ဖြင့် အကြမ်းဖက် မြန်မာစစ်ကောင်စီဘက်မှ လောင်းကြေးထပ်လိုက်သည့် တရုတ်,https://yktnews.com/2022/07/24836/,Real,General
422,မြန်မာအပါအဝင် ဒေသတွင်းနိုင်ငံများရှိ ဆက်သွယ်ရေးနှင့် အွန်လိုင်းကဏ္ဍတွင် တရုတ်၏ ခြိမ်းခြောက်မှု ပိုကြီးထွားလာနေ,https://yktnews.com/2022/05/18078/,Real,General
423,တော်လှန်ရေးအဖွဲ့တွေရဲ့ ပစ်မှတ် ဖြစ်လာနေတဲ့ တရုတ်ရင်းနှီးမြှပ်နှံမှုများ,https://yktnews.com/2022/05/17820/,Real,General
424,တရုတ်ဝမ်ပေါင်နှင့် စစ်တပ်ဦးပိုင် ဖက်စပ် လက်ပံတောင်းကြေးနီစီမံကိန်း လုပ်ငန်းလည်ပတ်ခြင်း မပြုရန် PDFတပ်ပေါင်းစုက ထပ်မံ သတိ ပေး၊ စီမံကိန်း အနီး စျေးဆိုင်များ မထွက်ရန်လည်း တားမြစ်,https://yktnews.com/2022/05/17688/,Real,General
425,ယူကရိန်းအရေးကြောင့် အကြမ်းဖက် စစ်ကောင်စီဘက် ယိမ်းယိုင်လာသောတရုတ်,https://yktnews.com/2022/04/16046/,Real,General
426,မြန်မာနိုင်ငံတစ်ဝန်း စစ်ကောင်စီတပ်ဖွဲ့ဝင် ၃၂ ဦးသေဆုံး,https://yktnews.com/2025/08/225585/,Real,General
427,မြန်မာနိုင်ငံတစ်ဝန်း စစ်ကောင်စီတပ်ဖွဲ့ဝင် ၂၄ ဦးသေဆုံး,https://yktnews.com/2025/08/225467/,Real,General
428,မြန်မာနိုင်ငံတစ်ဝန်း စစ်ကောင်စီတပ်ဖွဲ့ဝင် ၄ ဦးသေဆုံး,https://yktnews.com/2025/08/225358/,Real,General
429,မြန်မာနိုင်ငံတစ်ဝန်း စစ်ကောင်စီတပ်ဖွဲ့ဝင် ၂၂ ဦးသေဆုံး,https://yktnews.com/2025/08/225265/,Real,General
430,မြန်မာနိုင်ငံတစ်ဝန်း စစ်ကောင်စီတပ်ဖွဲ့ဝင် ၁၀၇ ဦးသေဆုံး,https://yktnews.com/2025/08/225142/,Real,General
431,မြန်မာနိုင်ငံတစ်ဝန်း စစ်ကောင်စီတပ်ဖွဲ့ဝင် ၄၃၀ ဦးသေဆုံး,https://yktnews.com/2025/08/225063/,Real,General
432,မြန်မာနိုင်ငံတစ်ဝန်း စစ်ကောင်စီတပ်ဖွဲ့ဝင် ၅၅ ဦးသေဆုံး,https://yktnews.com/2025/08/224985/,Real,General
433,မြန်မာနိုင်ငံတစ်ဝန်း စစ်ကောင်စီတပ်ဖွဲ့ဝင် ၇၆ ဦးသေဆုံး,https://yktnews.com/2025/08/224871/,Real,General
434,မြန်မာနိုင်ငံတစ်ဝန်း စစ်ကောင်စီတပ်ဖွဲ့ဝင် ၁၆၉ ဦးသေဆုံး,https://yktnews.com/2025/08/224792/,Real,General
435,မြန်မာနိုင်ငံတစ်ဝန်း စစ်ကောင်စီတပ်ဖွဲ့ဝင် ၈၆ ဦးသေဆုံး,https://yktnews.com/2025/08/224679/,Real,General
436,ရွှေရေကြည် သပိတ်စစ်ကြောင်းက စစ်အာဏာရှင် ဆန့်ကျင်ရေး ချီတက် ဆန္ဒပြ,https://yktnews.com/2025/08/225565/,Real,General
437,စစ်တပ်က ပြောင်းလဲ ဖွဲ့စည်းလိုက်သည့် “နိုင်ငံတော်လုံခြုံရေးနှင့် အေးချမ်းသာယာရေး ကော်မရှင်”ကို ကနေဒါ၊ အီးယူ၊ ယူကေနှင့် အမေရိကန်တို့က ဒဏ်ခတ်အရေးယူရန် JFM တောင်းဆို,https://yktnews.com/2025/08/225551/,Real,General
438,ဗန်းမော်မြို့တွင် တိုက်ပွဲ ပြင်းထန်နေပြီး တင့်ကား ၁ စီးကို KIA ပူးပေါင်းတပ်က ဖျက်ဆီးနိုင်ခဲ့ကာ စစ်တပ်က မြို့ပေါ်မှ ပြန်လည် ဆုတ်ခွာသွား,https://yktnews.com/2025/08/225437/,Real,General
439,နမ္မားမြို့တွင် ကင်းလှည့်လာသော စစ်တပ်ကို တိုက်ခိုက်မှု စစ်သား ၂ ဦးသေဆုံးပြီး ၂ ဦးအရှင်းဖမ်းမိ၊ သေနတ် ၁ လက် သိမ်းဆည်းရရှိ,https://yktnews.com/2025/08/225288/,Real,General
440,ရှမ်းတောင်ပိုင်းတွင် စစ်တပ်က Non-CDM ဝန်ထမ်းများကို ဆင့်ခေါ်၍ ရှမ်းဝတ်စုံဝတ်ခိုင်းပြီး ရှမ်းအလံထောင်ခိုင်းကာ TNLA နှင့် MNDAA ကို ဆန္ဒပြခိုင်းမှုအပေါ် RCSS/SSA က တရားဝင်ကန့်ကွက်,https://yktnews.com/2025/08/225242/,Real,General
441,ထိုင်းနိုင်ငံ ပိုင်နက် အတွင်း မြန်မာစစ်တပ် အချိန်မရွေး ဝင်ရောက်ခွင့် ရရှိနေမှုကို စုံစမ်းစစ်ဆေးရန် ထိုင်း အတိုက်အခံ လွှတ်တော်အမတ်က ထိုင်းအစိုးရကို တောင်းဆို,https://yktnews.com/2023/09/122175/,Real,General
442,ပဇီကြီးရွာကို စစ်တပ်က ယနေ့ မွန်းလွဲပိုင်းတွင် တိုက်လေယာဥ်ဖြင့် ၃ ကြိမ် ထပ်မံ ဗုံးကျဲ တိုက်ခိုက်,https://yktnews.com/2023/04/98490/,Real,General
443,အယ်ဒီတာ့အာဘော်,https://yktnews.com/2022/11/64229/,Real,General
444,သမ္မတလုပ်ပြီး နောက်ထက် ၁၀ နှစ် အာဏာ မတရားရာယူဖို့ မင်းအောင်လှိုင်ရည်ရွယ် နေတာလား,https://yktnews.com/2022/08/29182/,Real,General
445,မြန်မာစစ်တပ်က စတင်ဖန်တီးခဲ့သည့် ၎င်း၏မအောင်မြင်နိုင်သော ပြည်တွင်းစစ်,https://yktnews.com/2022/07/24908/,Real,General
446,မင်းအောင်လှိုင် သို့မဟုတ် ဗြမ္မာ့ဦးခေါင်း,https://yktnews.com/2022/07/24529/,Real,General
447,ဆန့်ကျင်ဖက် လက်နက်ကိုင်များကို အရေးနိမ့်လာသည့် မြန်မာစစ်တပ်- အပိုင်း (၁),https://yktnews.com/2022/07/23934/,Real,General
448,တရုတ်ဩဇာ ကြီးထွားရေးနှင့် စစ်ကောင်စီ တရားဝင်မှု ရရှိရေး တို့အတွက် အသုံးချခံ ဖြစ်လာသည့် လန်ချန်း-မဲခေါင် အစည်းအဝေး,https://yktnews.com/2022/07/23799/,Real,General
449,မုံရွာတွင် အပြည်ပြည်ဆိုင်ရာလူ့အခွင့်အရေးနေ့ကို ကြိုဆိုကြောင်း ဆန္ဒထုတ်ဖော်,https://yktnews.com/2023/12/135336/,Real,General
450,ဝါသ၀ (သို့မဟုတ်) စစ်တပ်အတွက် လူစုဆောင်း လက်နက်ကိုင်တဲ့ သင်္ကန်း ဝတ် စစ်ခေါင်းဆောင်,https://yktnews.com/2022/12/74457/,Real,General
451,မြန်မာပြည်သူများ အသက်စွန့်နေမှုအတွက် ထိုက်တန်သောရလဒ်ရမည်ဖြစ်ပြီး အမေရိကန်က မြန်မာပြည်သူများဘက်မှ ထောက်ခံရေး သန္နိဌာန်ချ ထား ဟု သံအမတ်ကြီး နှုတ်ဆက်သတင်းစကားပါး,https://yktnews.com/2022/12/74360/,Real,General
452,ကြေကွဲဖွယ် အစိတ်စိတ်အမြွှာမြွှာ မြန်မာ,https://yktnews.com/2022/12/73083/,Real,General
453,မဘသနှင့်အမျိုးသားရေး အစွန်းရောက် လှုပ်ရှားမှုများဖြင့် တိုင်းပြည်ဖျက်ခဲ့သော အပြာ စာရေးဆရာ ဖိုးလောင်တီးမှ အမျိုးသားရေး အစွန်းရောက် သခင်ကြီး အမည်ခံသူ ဝင်းကိုကိုလတ်,https://yktnews.com/2022/12/72419/,Real,General
454,ဂျက်လေယာဉ်ဆီတွေက မြန်မာပြည်သူတွေကို ဘယ်လိုအကြမ်းဖက် သတ်ဖြတ်နေလဲ ? (အပိုင်း-၁),https://yktnews.com/2022/12/71769/,Real,General
455,လူသတ် မြန်မာစစ်ကောင်စီ ပါဝင်သည့် ဆွေးနွေးပွဲ ဂျာမနီ ကျင်းပ,https://yktnews.com/2022/12/71008/,Real,General
456,မြန်မာနိုင်ငံ တည်ငြိမ်ရေးအတွက် တော်လှန်ရေးတပ်ဖွဲ့များမှတစ်ဆင့် ဖော်ဆောင်နိုင်မည့် တစ်ခုတည်းသောလမ်းကြောင်း,https://yktnews.com/2022/12/70548/,Real,General
457,“ယန်းပဲလက်မှသည် ဆလိုင်းတင်မောင်ဦး အစပြုလို့ သွေးမအေးသင့်သော တော်လှန်ရေး “,https://yktnews.com/2022/12/70201/,Real,General
458,မြန်မာ့အရေး လက်သံပြင်းဖို့ အချိန်တန်ပြီ,https://yktnews.com/2022/11/63821/,Real,General
459,Khit Thit သတင်းဌာန၏ ဩဂုတ် ၂၂ ရက် မနက်ပိုင်း ရုပ်သံသတင်းအစီအစဉ်,https://yktnews.com/2025/08/225591/,Real,General
460,Khit Thit သတင်းဌာန၏ ဩဂုတ် ၂၁ ရက် ညနေပိုင်း ရုပ်သံသတင်းအစီအစဉ်,https://yktnews.com/2025/08/225532/,Real,General
461,Khit Thit သတင်းဌာန၏ ဩဂုတ် ၂၁ ရက် နေ့လယ်ပိုင်း ရုပ်သံသတင်းအစီအစဉ်,https://yktnews.com/2025/08/225506/,Real,General
462,Khit Thit သတင်းဌာန၏ ဩဂုတ် ၂၁ ရက် မနက်ပိုင်း ရုပ်သံသတင်းအစီအစဉ်,https://yktnews.com/2025/08/225477/,Real,General
463,Khit Thit သတင်းဌာန၏ ဩဂုတ် ၂၀ ရက် ညနေပိုင်း ရုပ်သံသတင်းအစီအစဉ်,https://yktnews.com/2025/08/225408/,Real,General
464,“စစ်တပ်က ၁၀၀ ရာခိုင်နှုန်းအာဏာလိုချင်လို့ အာဏာသိမ်းတာ သူတို့ကိုနိုင်အောင်မတိုက်နိုင်ဘဲနဲ့ ဒီစနစ်နဲ့ သွား ချင်တယ်ဟိုစနစ်နဲ့သွားချင်တယ် ဒီအချိန်မှာသွားပြောလို့ ဘာမှမဖြစ်လာဘူး။ ငြိမ်းချမ်းရေးစကား ဆိုတာ ပြောသင့်တယ် ဒါပေမယ့် ကိုယ်က ဘာမှမရှိဘဲနဲ့သွားပြောရင် သူတို့ပေးသလောက်ပဲယူပြီးရပ်သွားရင် ဒီမှာ အသက်သွေးတွေပေးပြီးတိုက်ထားတဲ့ ရဲဘော်တွေအတွက် တာဝန်မကျေဘူး”,https://yktnews.com/2025/07/222770/,Real,General
465,ဇီးကုန်းမြို့ပေါ်တွင် အရက်ဝယ်ပြီး ပြန်လာသည့် စစ်ကောင်စီ တပ်သားများကို ဝင်ရောက် ပစ်ခတ်မှု စစ်တပ်ဘက်မှ ၄ ဦးသေဆုံးပြီး သေနတ် ၃ လက် သိမ်းဆည်းရရှိ,https://yktnews.com/2025/07/221366/,Real,General
466,မြန်မာနိုင်ငံလုံးဆိုင်ရာ အလုပ်သမား သမဂ္ဂများအဖွဲ့ချုပ် (CTUM) ဥက္ကဋ္ဌ ဦးမောင်မောင်နှင့်တွေ့ဆုံခြင်း အပိုင်း ၁,https://yktnews.com/2025/06/217093/,Real,General
467,“စာရွက်ပေါ်က အပစ်အခတ်ရပ်စဲရေးလောက်နဲ့ ဘာမှဖြစ်လာမှာမဟုတ်ဘူး။ အခုပဲကြည့် စစ်တပ်က စာရွက်ပေါ်မှာတော့ အပစ်ရပ်ထားတယ်။တဖက်မှတော့ ဗုံးကျဲတာတွေ လက်နက်ကြီးပစ်တာတွေ စစ်ကြောင်းထိုးတာတွေ လုပ်နေတယ်။လူသားချင်းစာနာမှုအကူအညီတွေပေးဖို အပစ်ရပ်ဆိုတဲ့ကိစ္စ အပစ်မရပ်ရင် ဘာလုပ်မလဲဆိုတာရှိရမယ်။”,https://yktnews.com/2025/05/215683/,Real,General
468,ဒီပဲယင်းစာသင်ကျောင်း စစ်လေယာဉ်ဖြင့် ဗုံးကျဲခံရမှု မျက်မြင်ကွင်းဆင်းခဲ့သူ CDM ကထိက ဒေါ်ရတီအုန်းနှင့်တွေ့ဆုံခြင်း အပိုင်း ၂,https://yktnews.com/2025/05/214884/,Real,General
469,ဒီပဲယင်းစာသင်ကျောင်း စစ်လေယာဉ်ဖြင့် ဗုံးကျဲခံရမှု မျက်မြင်ကွင်းဆင်းခဲ့သူ CDM ကထိက ဒေါ်ရတီအုန်းနှင့်တွေ့ဆုံခြင်း အပိုင်း ၁,https://yktnews.com/2025/05/214791/,Real,General
470,အမျိုးသားညီညွတ်ရေးအစိုးရ ပြည်ထာင်စုဝန်ကြီး ဒေါက်တာဇော်ဝေစိုးနှင့် တွေ့ဆုံခြင်း,https://yktnews.com/2024/12/194786/,Real,General
471,Free Rohingya Coalition ၏ ပူးတွဲတည်ထောင်သူ ရိုနေဆန်းလွင်နှင့်တွေ့ဆုံခြင်း,https://yktnews.com/2024/12/194070/,Real,General
472,ကောလင်း၊ တောင်သာနှင့် ကျောက်မဲ မြို့နယ်ရှိ ကျေးရွာများကို စစ်တပ်က လေယာဉ်ဖြင့် ဗုံးကျဲ တိုက်ခိုက်မှု ပြည်သူ ၄ ဦး သေဆုံးပြီး နေအိမ်များ ပျက်စီး,https://yktnews.com/2025/08/225562/,Real,General
473,NUG အစိုးရ ထံ ၇ လ တာအတွင်း စစ်တပ်ဘက်မှ ဗိုလ်မှူး ၂ ဦး အပါအဝင် ၄၀၉ ဦး အလင်းဝင်,https://yktnews.com/2025/08/225558/,Real,General
474,သပိတ်ကျင်းရှိ အမှတ် ၁၃ တပ်မတော် တန်းမြင့်လေ့ကျင့်ရေး သင်တန်းကျောင်းကို ရှော့တိုက်ဒုံးဖြင့် ပစ်ခတ် တိုက်ခိုက်မှု နည်းပြ အရာရှိ ၃ ဦး အပါအဝင် ၂၁ ဦးသေဆုံးပြီး အဆောင် ၄ ခု မီးလောင် ပျက်စီး,https://yktnews.com/2025/08/225554/,Real,General
475,ချင်းပြည်နယ်သို့ ဦးတည်လာသည့် စစ်ကား ၁၃၈ စီးပါ စစ်ယာဉ်တန်းကြောင့် ကားလမ်းများကို CDFက ယာယီပိတ်ပင်,https://yktnews.com/2025/08/225546/,Real,General
476,ကျောက်မဲ နောင်ပိန်ရွာအနီး တိုက်ပွဲပြင်းထန်နေပြီး စစ်တပ်က ဒရုန်း၊ လက်နက်ကြီးများဖြင့် ဆက် တိုက် ပစ်ခတ်,https://yktnews.com/2025/08/225543/,Real,General
477,ကျောက်ဖြူမြို့နယ်အတွင်း AA နှင့် စစ်တပ်တို့ စစ်မျက်နှာ ၆ ခုတွင် တိုက်ပွဲပြင်းထန်နေပြီး စစ်တပ်ဘက်မှ အထိနာ,https://yktnews.com/2025/08/225530/,Real,General
478,ရေးမြို့နယ်အတွင်း စစ်ကြောင်းထိုးနေသည့် စစ်တပ်ကို ၂ ကြိမ် တိုက်ခိုက်မှု စစ်သား ၁ ဦးသေဆုံး,https://yktnews.com/2025/08/225529/,Real,General
479,သတင်း,https://myanmar-now.org/mm/news/category/news/,Real,News
480,နိုင်ငံရေး,https://myanmar-now.org/mm/news/category/news/3/,Real,News
481,စီးပွားရေး,https://myanmar-now.org/mm/news/category/news/17/,Real,News
482,လူမှုရေး,https://myanmar-now.org/mm/news/category/news/social-issue/,Real,News
483,ပညာရေး,https://myanmar-now.org/mm/news/category/news/19/,Real,News
484,ကျန်းမာရေး,https://myanmar-now.org/mm/news/category/multimedia/16/,Real,News
485,နိုင်ငံတကာသတင်း,https://myanmar-now.org/mm/news/category/news/international-news/,Real,News
486,ဆောင်းပါး,https://myanmar-now.org/mm/news/category/in-depth/,Real,News
487,လေ့လာသုံးသပ်ချက်,https://myanmar-now.org/mm/news/category/in-depth/analysis/,Real,News
488,စုံစမ်းဖော်ထုတ်ရေးသားမှု,https://myanmar-now.org/mm/news/category/in-depth/investigation/,Real,News
489,Myanmar Now,https://myanmar-now.org/mm/news/category/in-depth/profile/,Real,News
490,လူမှုနယ်ပယ်,https://myanmar-now.org/mm/news/category/in-depth/society/,Real,News
491,အာဘော်,https://myanmar-now.org/mm/news/category/opinion/,Real,News
492,အတွေးအမြင်,https://myanmar-now.org/mm/news/category/opinion/commentary/,Real,News
493,အယ်ဒီတာ့အာဘော်,https://myanmar-now.org/mm/news/category/opinion/29/,Real,News
494,အက်ဆေး,https://myanmar-now.org/mm/news/category/opinion/essay/,Real,News
495,မေးမြန်းခန်း,https://myanmar-now.org/mm/news/category/opinion/interview/,Real,News
496,သရော်စာ,https://myanmar-now.org/mm/news/category/opinion/26/,Real,News
497,ရုပ်သံသတင်း,https://myanmar-now.org/mm/news/category/multimedia/video/,Real,News
498,ဓာတ်ပုံအက်ဆေး,https://myanmar-now.org/mm/news/category/multimedia/13/,Real,News
499,ကန့်ဘလူတင့်ကားတပ် စစ်ကြောင်းက အရပ်သား ၅ ဦးကို သတ်ဖြတ်၊ ရွာများ မီးရှို့,https://myanmar-now.org/mm/news/66734/,Real,News
500,Myanmar Now,https://myanmar-now.org/mm/news/author/myanmar-now/,Real,News
501,သပိတ်ကျင်းတွင် စစ်တပ်လက်နက်ကြီးကြောင့် စစ်ရှောင် ၂ ဦး ဒဏ်ရာရ,https://myanmar-now.org/mm/news/66731/,Real,News
502,မိုးဦး,https://myanmar-now.org/mm/news/author/%e1%80%99%e1%80%ad%e1%80%af%e1%80%b8%e1%80%a6%e1%80%b8/,Real,News
503,နေမင်းနီ,https://myanmar-now.org/mm/news/author/%e1%80%94%e1%80%b1%e1%80%99%e1%80%84%e1%80%ba%e1%80%b8%e1%80%94%e1%80%ae/,Real,News
504,ကန့်လန့်ကာနောက်ကွယ်က ‘ဝ’ နှင့် စစ်တပ် ဆက်ဆံရေး,https://myanmar-now.org/mm/news/66721/,Real,News
505,ပဲခူးအနောက်ခြမ်း၊ ပေါက်ခေါင်းတွင် အင်ဂျင်တပ်လေထီးဖြင့် ဗုံးကြဲ၍ သားအဖ ၂ ဦး သေဆုံး,https://myanmar-now.org/mm/news/66714/,Real,News
506,အောင်ဇေ,https://myanmar-now.org/mm/news/author/%e1%80%a1%e1%80%b1%e1%80%ac%e1%80%84%e1%80%ba%e1%80%87%e1%80%b1/,Real,News
507,မော်လိုက်၊ ထော်သာစခန်းကို သိမ်းပိုက်ပြီး ပျူစောထီးနှင့် မိသားစုဝင် ၁၉၀ ကျော်ဖမ်းမိ,https://myanmar-now.org/mm/news/66708/,Real,News
508,သတင်း,https://myanmar-now.org/mm/news/category/news/page/2/,Real,News
509,လူတစ်သိန်းကျော် သေစေခဲ့သည့် နာဂစ်မုန်တိုင်းကြီး ၁၇ နှစ်တိုင်ခဲ့ပြီ,https://myanmar-now.org/mm/news/63421/,Real,News
510,“နောက်ဆုံးတော့ တရုတ်ရဲ့ ကြိုးကိုင်မှုကို ခံလိုက်ရတဲ့သဘောပဲ”,https://myanmar-now.org/mm/news/64785/,Real,News
511,ယောတေးသံရှင်၊ ယောသီချင်းနဲ့ ယောတော်လှန်ရေး,https://myanmar-now.org/mm/news/64780/,Real,News
512,“တီးတိန်ရပြီဆိုရင် ချင်းညီနောင် ၆ဖွဲ့လုံး စစ်ကိုင်း၊ မကွေးမှာ ပါဝင်လာမယ်”,https://myanmar-now.org/mm/news/64777/,Real,News
513,“မြေငလျင်လှုပ်တာက လှုပ်တာပဲ၊ လူထုကိုနှိပ်စက်တဲ့အသံတွေက တစ်ချက်မှ မစဲသေးဘူး”,https://myanmar-now.org/mm/news/64771/,Real,News
514,ဗိုလ်ချုပ်ခင်ညွန့်ထောက်လှမ်းရေးအဖွဲ့ကောင်းကြောင်း ဝါဒဖြန့်ပေးသည့် ကန်လော်ဘီကုမ္ပဏီကို စစ်တပ်က ဒေါ်လာ ၃ သန်းဖြင့် ပြန်လည်ငှားရမ်း,https://myanmar-now.org/mm/news/65880/,Real,News
515,စစ်ကောင်စီဖျက်သိမ်းမှုနှင့်အတူ မင်းအောင်လှိုင်ပုံသွင်းနေသော အနာဂတ်နိုင်ငံရေး,https://myanmar-now.org/mm/news/65609/,Real,News
516,KNUတပ်မဟာ(၆)နယ်မြေတွင် စစ်ကောင်စီ၏ နယ်စပ်စစ်စခန်း ၃ ခုသာကျန်,https://myanmar-now.org/mm/news/64487/,Real,News
517,KIA က စစ်ကိုင်းအထက်ပိုင်းတွင် တပ်သားသစ်စုနေကြောင်း ဒေသခံတို့ပြော,https://myanmar-now.org/mm/news/61260/,Real,News
518,KNU တပ်မဟာ(၅)၏တိုက်စစ် မွန်ပြည်နယ်အထိရောက်လာ,https://myanmar-now.org/mm/news/60754/,Real,News
519,ဧရာဝတီနှင့် ပဲခူးရှိ ရေနံတွင်းဟောင်းများကို ပြည်တွင်းကုမ္ပဏီများ လုပ်ကိုင်ခွင့်ရ,https://myanmar-now.org/mm/news/66062/,Real,News
520,တော်လှန်ရေးနယ်မြေများသို့  အမျိုးသမီးလစဉ်သုံးအပါအဝင် အခြေခံကုန်ပစ္စည်းများပို့ခွင့် ထပ်ကန့်သတ်,https://myanmar-now.org/mm/news/65884/,Real,News
521,၂၀၂၇ တွင် အသက်ဝင်မည့် အိန္ဒိယ၏ ကုလားတန်စီမံကိန်းနှင့် AA ၏ အခန်းကဏ္ဍ,https://myanmar-now.org/mm/news/65443/,Real,News
522,တိုက်ပွဲပြင်းထန်နေသည့် ဖားကန့်ကို စစ်တပ် လမ်းပိတ်၊ ကုန်ဈေးနှုန်းအဆမတန်မြင့်တက်,https://myanmar-now.org/mm/news/65400/,Real,News
523,တိုက်ပွဲများကြောင့် ဖားကန့်ဒေသတွင် အပြောင်းအလဲ ကြီးမားလာ,https://myanmar-now.org/mm/news/65104/,Real,News
524,မန္တလေးတွင် မီးမလာ၊ ရေပြတ်သည့်ဒုက္ခ ကြုံတွေ့နေ,https://myanmar-now.org/mm/news/32814/,Real,News
525,ရှမ်းတပ် SSPP ထိန်းချုပ်ရာ နောင်ပိန်ရွာကို စစ်တပ် ဗုံးကြဲ၊ အရပ်သား ၁၀ ဦး သေဆုံး,https://myanmar-now.org/mm/news/66699/,Real,News
526,ဒီးမော့ဆိုကိုခြေချနိုင်သည့်စစ်တပ် ဖရူဆိုကိုထိုးစစ်ဆင်ရန်ပြင်ဆင်နေ,https://myanmar-now.org/mm/news/66683/,Real,News
527,ကောလင်းမြို့အရှေ့ပိုင်း လေကြောင်းတိုက်ခိုက်မှုတွင် သုံးဦးသေဆုံး,https://myanmar-now.org/mm/news/66678/,Real,News
528,စစ်ကိုင်းပြည်သူ့ကာကွယ်ရေးတပ်မတော် (Sagaing PDF) နှင့်တွေ့ဆုံခြင်း,https://myanmar-now.org/mm/news/66670/,Real,News
529,ဖားဆောင်း၊ မော်ချီးဒေသရှိ အရပ်သားနေရာကို ဗုံးထပ်ကြဲ၊  ၁ဦးသေ၊ ၆ ဦးဒဏ်ရာရ,https://myanmar-now.org/mm/news/66661/,Real,News
530,သတင်း,https://myanmar-now.org/mm/news/category/news/page/3/,Real,News
531,ယင်းမာပင်နှင့်ပုလဲနယ်တွင် စစ်တပ်က စစ်ကြောင်းထိုးပြီး ပျူရွာများအတွက် ရိက္ခာစုဆောင်း,https://myanmar-now.org/mm/news/66643/,Real,News
532,စစ်ကြောင်းဝင်သော နွားထိုးကြီးတွင် ဒေသခံ ၅ ဦးအသတ်ခံရ၊ ရွာ ၈ ရွာ စစ်ဘေးရှောင်,https://myanmar-now.org/mm/news/66632/,Real,News
533,ကချင်ပြည်နယ် ဒေသအချို့တွင် တိုက်ပွဲများဆက်လက်ပြင်းထန်နေ,https://myanmar-now.org/mm/news/66612/,Real,News
534,ဆိပ်ဖြူတွင် လေကြောင်းတိုက်ခိုက်မှုကြောင့် ၉ ဦးသေဆုံး၊ အများအပြားထိခိုက်ဒဏ်ရာရ,https://myanmar-now.org/mm/news/66657/,Real,News
535,တော်လှန်ရေးတပ်များအား ပိတ်ဆို့ရန် ထိုင်း−မြန်မာနယ်စပ်တံတားကို စစ်တပ် ပိတ်,https://myanmar-now.org/mm/news/66606/,Real,News
536,သတင်း,https://myanmar-now.org/mm/news/category/news/page/4/,Real,News
537,ကျောက်မဲမြို့နယ်အတွင်း စစ်တပ်က မြေပြင်စစ်ကြောင်းထိုးလာ၍ TNLA နှင့် တိုက်ပွဲဖြစ်,https://myanmar-now.org/mm/news/66653/,Real,News
538,နောင်ချို- မိုးကုတ်လမ်းရှိ ဒိုးပင်ရွာကို စစ်တပ် သိမ်းပိုက်ပြီး အနီးအနားကျေးရွာများအား ဆက်လက် ထိုးစစ်ဆင်နေ,https://myanmar-now.org/mm/news/66601/,Real,News
539,တနင်္ဂနွေနေ့က လေတပ်ဗုံးကြဲမှုများကြောင့် လူ ၃၀ နီးပါးသေဆုံးခဲ့,https://myanmar-now.org/mm/news/66595/,Real,News
540,ရွှေဘိုမြို့အနီး စစ်ကြောင်းထိုးနေသည့် စစ်တပ်က အရပ်သား ၁ ဦးကို သတ်ဖြတ်,https://myanmar-now.org/mm/news/66591/,Real,News
541,ဝက်လက်နှင့်ဒီပဲယင်းတွင် ဘုန်းကြီးကျောင်းများ ဗုံးကြဲခံရပြီး ၅ ဦးထက်မနည်းသေဆုံး,https://myanmar-now.org/mm/news/66585/,Real,News
542,သတင်း,https://myanmar-now.org/mm/news/category/news/page/5/,Real,News
543,ကျောက်ဖြူတွင် စစ်တပ်ထိုးစစ်ကြောင့် ကျေးရွာ၂ ရွာ လက်လွှတ်ရ၊ ဒေသခံ ၃ ဦးသေဆုံး,https://myanmar-now.org/mm/news/66577/,Real,News
544,နိုင်ငံအလယ်ပိုင်းတွင် စစ်တပ်က အင်အားအလုံးအရင်းဖြင့် ထိုးစစ်အရှိန်မြှင့်နေ,https://myanmar-now.org/mm/news/66503/,Real,News
545,ထိုင်း-မြန်မာဓာတ်ငွေ့ပိုက်လိုင်းအနီး စစ်စခန်းကိုလာသော တပ်ကူများ တိုက်ခိုက်ခံရ,https://myanmar-now.org/mm/news/66496/,Real,News
546,ပေါက်မြို့အနီး ကျေးရွာများတွင် လေကြောင်း၊ လက်နက်ကြီးကြောင့် ခြောက်ဦးသေဆုံး,https://myanmar-now.org/mm/news/66490/,Real,News
547,စစ်ရှောင်များရှိသည့် မိုးကုတ်ဘုန်းကြီးကျောင်း ဗုံးကြဲခံရပြီး ၂၁ ဦး သေ၊ ၇ ဦး ပျောက်ဆုံး,https://myanmar-now.org/mm/news/66481/,Real,News
548,သတင်း,https://myanmar-now.org/mm/news/category/news/page/6/,Real,News
